[0.096s] DEBUG:colcon:Command line arguments: ['/usr/bin/colcon', 'build', '--packages-select', 'rover_description']
[0.096s] DEBUG:colcon:Parsed command line arguments: Namespace(log_base=None, log_level=None, verb_name='build', build_base='build', install_base='install', merge_install=False, symlink_install=False, test_result_base=None, continue_on_error=False, executor='parallel', parallel_workers=16, event_handlers=None, ignore_user_meta=False, metas=['./colcon.meta'], base_paths=['.'], packages_ignore=None, packages_ignore_regex=None, paths=None, packages_up_to=None, packages_up_to_regex=None, packages_above=None, packages_above_and_dependencies=None, packages_above_depth=None, packages_select_by_dep=None, packages_skip_by_dep=None, packages_skip_up_to=None, packages_select_build_failed=False, packages_skip_build_finished=False, packages_select_test_failures=False, packages_skip_test_passed=False, packages_select=['rover_description'], packages_skip=None, packages_select_regex=None, packages_skip_regex=None, packages_start=None, packages_end=None, allow_overriding=[], cmake_args=None, cmake_target=None, cmake_target_skip_unavailable=False, cmake_clean_cache=False, cmake_clean_first=False, cmake_force_configure=False, ament_cmake_args=None, catkin_cmake_args=None, catkin_skip_building_tests=False, mixin_files=None, mixin=None, verb_parser=<colcon_mixin.mixin.mixin_argument.MixinArgumentDecorator object at 0x7396ab63b2f0>, verb_extension=<colcon_core.verb.build.BuildVerb object at 0x7396ab63af60>, main=<bound method BuildVerb.main of <colcon_core.verb.build.BuildVerb object at 0x7396ab63af60>>, mixin_verb=('build',))
[0.126s] Level 1:colcon.colcon_core.package_discovery:discover_packages(colcon_meta) check parameters
[0.126s] Level 1:colcon.colcon_core.package_discovery:discover_packages(recursive) check parameters
[0.126s] Level 1:colcon.colcon_core.package_discovery:discover_packages(ignore) check parameters
[0.126s] Level 1:colcon.colcon_core.package_discovery:discover_packages(path) check parameters
[0.126s] Level 1:colcon.colcon_core.package_discovery:discover_packages(colcon_meta) discover
[0.126s] Level 1:colcon.colcon_core.package_discovery:discover_packages(recursive) discover
[0.126s] INFO:colcon.colcon_core.package_discovery:Crawling recursively for packages in '/home/pawla/ros2_ws/src'
[0.126s] Level 1:colcon.colcon_core.package_identification:_identify(.) by extensions ['ignore', 'ignore_ament_install']
[0.126s] Level 1:colcon.colcon_core.package_identification:_identify(.) by extension 'ignore'
[0.126s] Level 1:colcon.colcon_core.package_identification:_identify(.) by extension 'ignore_ament_install'
[0.126s] Level 1:colcon.colcon_core.package_identification:_identify(.) by extensions ['colcon_pkg']
[0.126s] Level 1:colcon.colcon_core.package_identification:_identify(.) by extension 'colcon_pkg'
[0.126s] Level 1:colcon.colcon_core.package_identification:_identify(.) by extensions ['colcon_meta']
[0.126s] Level 1:colcon.colcon_core.package_identification:_identify(.) by extension 'colcon_meta'
[0.126s] Level 1:colcon.colcon_core.package_identification:_identify(.) by extensions ['ros']
[0.126s] Level 1:colcon.colcon_core.package_identification:_identify(.) by extension 'ros'
[0.141s] Level 1:colcon.colcon_core.package_identification:_identify(.) by extensions ['cmake', 'python']
[0.141s] Level 1:colcon.colcon_core.package_identification:_identify(.) by extension 'cmake'
[0.141s] Level 1:colcon.colcon_core.package_identification:_identify(.) by extension 'python'
[0.141s] Level 1:colcon.colcon_core.package_identification:_identify(.) by extensions ['python_setup_py']
[0.141s] Level 1:colcon.colcon_core.package_identification:_identify(.) by extension 'python_setup_py'
[0.142s] Level 1:colcon.colcon_core.package_identification:_identify(build) by extensions ['ignore', 'ignore_ament_install']
[0.142s] Level 1:colcon.colcon_core.package_identification:_identify(build) by extension 'ignore'
[0.142s] Level 1:colcon.colcon_core.package_identification:_identify(build) ignored
[0.142s] Level 1:colcon.colcon_core.package_identification:_identify(install) by extensions ['ignore', 'ignore_ament_install']
[0.142s] Level 1:colcon.colcon_core.package_identification:_identify(install) by extension 'ignore'
[0.142s] Level 1:colcon.colcon_core.package_identification:_identify(install) ignored
[0.142s] Level 1:colcon.colcon_core.package_identification:_identify(log) by extensions ['ignore', 'ignore_ament_install']
[0.142s] Level 1:colcon.colcon_core.package_identification:_identify(log) by extension 'ignore'
[0.142s] Level 1:colcon.colcon_core.package_identification:_identify(log) ignored
[0.142s] Level 1:colcon.colcon_core.package_identification:_identify(rover_description) by extensions ['ignore', 'ignore_ament_install']
[0.142s] Level 1:colcon.colcon_core.package_identification:_identify(rover_description) by extension 'ignore'
[0.142s] Level 1:colcon.colcon_core.package_identification:_identify(rover_description) by extension 'ignore_ament_install'
[0.142s] Level 1:colcon.colcon_core.package_identification:_identify(rover_description) by extensions ['colcon_pkg']
[0.142s] Level 1:colcon.colcon_core.package_identification:_identify(rover_description) by extension 'colcon_pkg'
[0.142s] Level 1:colcon.colcon_core.package_identification:_identify(rover_description) by extensions ['colcon_meta']
[0.142s] Level 1:colcon.colcon_core.package_identification:_identify(rover_description) by extension 'colcon_meta'
[0.142s] Level 1:colcon.colcon_core.package_identification:_identify(rover_description) by extensions ['ros']
[0.142s] Level 1:colcon.colcon_core.package_identification:_identify(rover_description) by extension 'ros'
[0.142s] Level 1:colcon.colcon_core.package_identification:_identify(rover_description) by extensions ['cmake', 'python']
[0.142s] Level 1:colcon.colcon_core.package_identification:_identify(rover_description) by extension 'cmake'
[0.143s] Level 1:colcon.colcon_core.package_identification:_identify(rover_description) by extension 'python'
[0.143s] Level 1:colcon.colcon_core.package_identification:_identify(rover_description) by extensions ['python_setup_py']
[0.143s] Level 1:colcon.colcon_core.package_identification:_identify(rover_description) by extension 'python_setup_py'
[0.143s] Level 1:colcon.colcon_core.package_identification:_identify(rover_description/rover_description) by extensions ['ignore', 'ignore_ament_install']
[0.143s] Level 1:colcon.colcon_core.package_identification:_identify(rover_description/rover_description) by extension 'ignore'
[0.143s] Level 1:colcon.colcon_core.package_identification:_identify(rover_description/rover_description) by extension 'ignore_ament_install'
[0.143s] Level 1:colcon.colcon_core.package_identification:_identify(rover_description/rover_description) by extensions ['colcon_pkg']
[0.143s] Level 1:colcon.colcon_core.package_identification:_identify(rover_description/rover_description) by extension 'colcon_pkg'
[0.143s] Level 1:colcon.colcon_core.package_identification:_identify(rover_description/rover_description) by extensions ['colcon_meta']
[0.143s] Level 1:colcon.colcon_core.package_identification:_identify(rover_description/rover_description) by extension 'colcon_meta'
[0.143s] Level 1:colcon.colcon_core.package_identification:_identify(rover_description/rover_description) by extensions ['ros']
[0.143s] Level 1:colcon.colcon_core.package_identification:_identify(rover_description/rover_description) by extension 'ros'
[0.145s] DEBUG:colcon.colcon_core.package_identification:Package 'rover_description/rover_description' with type 'ros.catkin' and name 'rover_description'
[0.145s] Level 1:colcon.colcon_core.package_discovery:discover_packages(recursive) using defaults
[0.145s] Level 1:colcon.colcon_core.package_discovery:discover_packages(ignore) discover
[0.145s] Level 1:colcon.colcon_core.package_discovery:discover_packages(ignore) using defaults
[0.145s] Level 1:colcon.colcon_core.package_discovery:discover_packages(path) discover
[0.145s] Level 1:colcon.colcon_core.package_discovery:discover_packages(path) using defaults
[0.156s] Level 1:colcon.colcon_core.package_discovery:discover_packages(prefix_path) check parameters
[0.156s] Level 1:colcon.colcon_core.package_discovery:discover_packages(prefix_path) discover
[0.156s] WARNING:colcon.colcon_core.prefix_path.colcon:The path '/home/pawla/ros2_jazzy/install' in the environment variable COLCON_PREFIX_PATH doesn't exist
[0.156s] WARNING:colcon.colcon_ros.prefix_path.ament:The path '/home/pawla/ros2_jazzy/install/rqt_bag_plugins' in the environment variable AMENT_PREFIX_PATH doesn't exist
[0.156s] WARNING:colcon.colcon_ros.prefix_path.ament:The path '/home/pawla/ros2_jazzy/install/rosbag2' in the environment variable AMENT_PREFIX_PATH doesn't exist
[0.156s] WARNING:colcon.colcon_ros.prefix_path.ament:The path '/home/pawla/ros2_jazzy/install/launch_testing_examples' in the environment variable AMENT_PREFIX_PATH doesn't exist
[0.157s] WARNING:colcon.colcon_ros.prefix_path.ament:The path '/home/pawla/ros2_jazzy/install/ros2bag' in the environment variable AMENT_PREFIX_PATH doesn't exist
[0.157s] WARNING:colcon.colcon_ros.prefix_path.ament:The path '/home/pawla/ros2_jazzy/install/rosbag2_storage_default_plugins' in the environment variable AMENT_PREFIX_PATH doesn't exist
[0.157s] WARNING:colcon.colcon_ros.prefix_path.ament:The path '/home/pawla/ros2_jazzy/install/rosbag2_storage_mcap' in the environment variable AMENT_PREFIX_PATH doesn't exist
[0.157s] WARNING:colcon.colcon_ros.prefix_path.ament:The path '/home/pawla/ros2_jazzy/install/rosbag2_compression_zstd' in the environment variable AMENT_PREFIX_PATH doesn't exist
[0.157s] WARNING:colcon.colcon_ros.prefix_path.ament:The path '/home/pawla/ros2_jazzy/install/mcap_vendor' in the environment variable AMENT_PREFIX_PATH doesn't exist
[0.157s] WARNING:colcon.colcon_ros.prefix_path.ament:The path '/home/pawla/ros2_jazzy/install/zstd_vendor' in the environment variable AMENT_PREFIX_PATH doesn't exist
[0.157s] WARNING:colcon.colcon_ros.prefix_path.ament:The path '/home/pawla/ros2_jazzy/install/rviz_visual_testing_framework' in the environment variable AMENT_PREFIX_PATH doesn't exist
[0.157s] WARNING:colcon.colcon_ros.prefix_path.ament:The path '/home/pawla/ros2_jazzy/install/rviz2' in the environment variable AMENT_PREFIX_PATH doesn't exist
[0.157s] WARNING:colcon.colcon_ros.prefix_path.ament:The path '/home/pawla/ros2_jazzy/install/rviz_default_plugins' in the environment variable AMENT_PREFIX_PATH doesn't exist
[0.157s] WARNING:colcon.colcon_ros.prefix_path.ament:The path '/home/pawla/ros2_jazzy/install/rviz_common' in the environment variable AMENT_PREFIX_PATH doesn't exist
[0.157s] WARNING:colcon.colcon_ros.prefix_path.ament:The path '/home/pawla/ros2_jazzy/install/rqt_bag' in the environment variable AMENT_PREFIX_PATH doesn't exist
[0.157s] WARNING:colcon.colcon_ros.prefix_path.ament:The path '/home/pawla/ros2_jazzy/install/rosbag2_performance_benchmarking' in the environment variable AMENT_PREFIX_PATH doesn't exist
[0.157s] WARNING:colcon.colcon_ros.prefix_path.ament:The path '/home/pawla/ros2_jazzy/install/rosbag2_examples_py' in the environment variable AMENT_PREFIX_PATH doesn't exist
[0.157s] WARNING:colcon.colcon_ros.prefix_path.ament:The path '/home/pawla/ros2_jazzy/install/rosbag2_py' in the environment variable AMENT_PREFIX_PATH doesn't exist
[0.157s] WARNING:colcon.colcon_ros.prefix_path.ament:The path '/home/pawla/ros2_jazzy/install/rosbag2_transport' in the environment variable AMENT_PREFIX_PATH doesn't exist
[0.158s] WARNING:colcon.colcon_ros.prefix_path.ament:The path '/home/pawla/ros2_jazzy/install/rosbag2_storage_sqlite3' in the environment variable AMENT_PREFIX_PATH doesn't exist
[0.158s] WARNING:colcon.colcon_ros.prefix_path.ament:The path '/home/pawla/ros2_jazzy/install/rosbag2_examples_cpp' in the environment variable AMENT_PREFIX_PATH doesn't exist
[0.158s] WARNING:colcon.colcon_ros.prefix_path.ament:The path '/home/pawla/ros2_jazzy/install/rosbag2_compression' in the environment variable AMENT_PREFIX_PATH doesn't exist
[0.158s] WARNING:colcon.colcon_ros.prefix_path.ament:The path '/home/pawla/ros2_jazzy/install/rosbag2_cpp' in the environment variable AMENT_PREFIX_PATH doesn't exist
[0.158s] WARNING:colcon.colcon_ros.prefix_path.ament:The path '/home/pawla/ros2_jazzy/install/rosbag2_storage' in the environment variable AMENT_PREFIX_PATH doesn't exist
[0.158s] WARNING:colcon.colcon_ros.prefix_path.ament:The path '/home/pawla/ros2_jazzy/install/image_common' in the environment variable AMENT_PREFIX_PATH doesn't exist
[0.158s] WARNING:colcon.colcon_ros.prefix_path.ament:The path '/home/pawla/ros2_jazzy/install/camera_info_manager' in the environment variable AMENT_PREFIX_PATH doesn't exist
[0.158s] WARNING:colcon.colcon_ros.prefix_path.ament:The path '/home/pawla/ros2_jazzy/install/camera_calibration_parsers' in the environment variable AMENT_PREFIX_PATH doesn't exist
[0.158s] WARNING:colcon.colcon_ros.prefix_path.ament:The path '/home/pawla/ros2_jazzy/install/yaml_cpp_vendor' in the environment variable AMENT_PREFIX_PATH doesn't exist
[0.158s] WARNING:colcon.colcon_ros.prefix_path.ament:The path '/home/pawla/ros2_jazzy/install/interactive_markers' in the environment variable AMENT_PREFIX_PATH doesn't exist
[0.158s] WARNING:colcon.colcon_ros.prefix_path.ament:The path '/home/pawla/ros2_jazzy/install/common_interfaces' in the environment variable AMENT_PREFIX_PATH doesn't exist
[0.158s] WARNING:colcon.colcon_ros.prefix_path.ament:The path '/home/pawla/ros2_jazzy/install/visualization_msgs' in the environment variable AMENT_PREFIX_PATH doesn't exist
[0.158s] WARNING:colcon.colcon_ros.prefix_path.ament:The path '/home/pawla/ros2_jazzy/install/dummy_robot_bringup' in the environment variable AMENT_PREFIX_PATH doesn't exist
[0.158s] WARNING:colcon.colcon_ros.prefix_path.ament:The path '/home/pawla/ros2_jazzy/install/robot_state_publisher' in the environment variable AMENT_PREFIX_PATH doesn't exist
[0.158s] WARNING:colcon.colcon_ros.prefix_path.ament:The path '/home/pawla/ros2_jazzy/install/kdl_parser' in the environment variable AMENT_PREFIX_PATH doesn't exist
[0.159s] WARNING:colcon.colcon_ros.prefix_path.ament:The path '/home/pawla/ros2_jazzy/install/urdf' in the environment variable AMENT_PREFIX_PATH doesn't exist
[0.159s] WARNING:colcon.colcon_ros.prefix_path.ament:The path '/home/pawla/ros2_jazzy/install/urdf_parser_plugin' in the environment variable AMENT_PREFIX_PATH doesn't exist
[0.159s] WARNING:colcon.colcon_ros.prefix_path.ament:The path '/home/pawla/ros2_jazzy/install/turtlesim' in the environment variable AMENT_PREFIX_PATH doesn't exist
[0.159s] WARNING:colcon.colcon_ros.prefix_path.ament:The path '/home/pawla/ros2_jazzy/install/trajectory_msgs' in the environment variable AMENT_PREFIX_PATH doesn't exist
[0.159s] WARNING:colcon.colcon_ros.prefix_path.ament:The path '/home/pawla/ros2_jazzy/install/tracetools_test' in the environment variable AMENT_PREFIX_PATH doesn't exist
[0.159s] WARNING:colcon.colcon_ros.prefix_path.ament:The path '/home/pawla/ros2_jazzy/install/tracetools_launch' in the environment variable AMENT_PREFIX_PATH doesn't exist
[0.159s] WARNING:colcon.colcon_ros.prefix_path.ament:The path '/home/pawla/ros2_jazzy/install/topic_statistics_demo' in the environment variable AMENT_PREFIX_PATH doesn't exist
[0.159s] WARNING:colcon.colcon_ros.prefix_path.ament:The path '/home/pawla/ros2_jazzy/install/topic_monitor' in the environment variable AMENT_PREFIX_PATH doesn't exist
[0.159s] WARNING:colcon.colcon_ros.prefix_path.ament:The path '/home/pawla/ros2_jazzy/install/pendulum_control' in the environment variable AMENT_PREFIX_PATH doesn't exist
[0.159s] WARNING:colcon.colcon_ros.prefix_path.ament:The path '/home/pawla/ros2_jazzy/install/tlsf_cpp' in the environment variable AMENT_PREFIX_PATH doesn't exist
[0.159s] WARNING:colcon.colcon_ros.prefix_path.ament:The path '/home/pawla/ros2_jazzy/install/geometry2' in the environment variable AMENT_PREFIX_PATH doesn't exist
[0.159s] WARNING:colcon.colcon_ros.prefix_path.ament:The path '/home/pawla/ros2_jazzy/install/tf2_tools' in the environment variable AMENT_PREFIX_PATH doesn't exist
[0.159s] WARNING:colcon.colcon_ros.prefix_path.ament:The path '/home/pawla/ros2_jazzy/install/tf2_sensor_msgs' in the environment variable AMENT_PREFIX_PATH doesn't exist
[0.159s] WARNING:colcon.colcon_ros.prefix_path.ament:The path '/home/pawla/ros2_jazzy/install/test_tf2' in the environment variable AMENT_PREFIX_PATH doesn't exist
[0.159s] WARNING:colcon.colcon_ros.prefix_path.ament:The path '/home/pawla/ros2_jazzy/install/tf2_kdl' in the environment variable AMENT_PREFIX_PATH doesn't exist
[0.160s] WARNING:colcon.colcon_ros.prefix_path.ament:The path '/home/pawla/ros2_jazzy/install/tf2_geometry_msgs' in the environment variable AMENT_PREFIX_PATH doesn't exist
[0.160s] WARNING:colcon.colcon_ros.prefix_path.ament:The path '/home/pawla/ros2_jazzy/install/examples_tf2_py' in the environment variable AMENT_PREFIX_PATH doesn't exist
[0.160s] WARNING:colcon.colcon_ros.prefix_path.ament:The path '/home/pawla/ros2_jazzy/install/tf2_ros_py' in the environment variable AMENT_PREFIX_PATH doesn't exist
[0.160s] WARNING:colcon.colcon_ros.prefix_path.ament:The path '/home/pawla/ros2_jazzy/install/tf2_eigen' in the environment variable AMENT_PREFIX_PATH doesn't exist
[0.160s] WARNING:colcon.colcon_ros.prefix_path.ament:The path '/home/pawla/ros2_jazzy/install/tf2_bullet' in the environment variable AMENT_PREFIX_PATH doesn't exist
[0.160s] WARNING:colcon.colcon_ros.prefix_path.ament:The path '/home/pawla/ros2_jazzy/install/tf2_ros' in the environment variable AMENT_PREFIX_PATH doesn't exist
[0.160s] WARNING:colcon.colcon_ros.prefix_path.ament:The path '/home/pawla/ros2_jazzy/install/tf2_py' in the environment variable AMENT_PREFIX_PATH doesn't exist
[0.160s] WARNING:colcon.colcon_ros.prefix_path.ament:The path '/home/pawla/ros2_jazzy/install/tf2_msgs' in the environment variable AMENT_PREFIX_PATH doesn't exist
[0.160s] WARNING:colcon.colcon_ros.prefix_path.ament:The path '/home/pawla/ros2_jazzy/install/tf2_eigen_kdl' in the environment variable AMENT_PREFIX_PATH doesn't exist
[0.160s] WARNING:colcon.colcon_ros.prefix_path.ament:The path '/home/pawla/ros2_jazzy/install/laser_geometry' in the environment variable AMENT_PREFIX_PATH doesn't exist
[0.160s] WARNING:colcon.colcon_ros.prefix_path.ament:The path '/home/pawla/ros2_jazzy/install/tf2' in the environment variable AMENT_PREFIX_PATH doesn't exist
[0.160s] WARNING:colcon.colcon_ros.prefix_path.ament:The path '/home/pawla/ros2_jazzy/install/test_tracetools' in the environment variable AMENT_PREFIX_PATH doesn't exist
[0.160s] WARNING:colcon.colcon_ros.prefix_path.ament:The path '/home/pawla/ros2_jazzy/install/rosbag2_test_common' in the environment variable AMENT_PREFIX_PATH doesn't exist
[0.160s] WARNING:colcon.colcon_ros.prefix_path.ament:The path '/home/pawla/ros2_jazzy/install/test_msgs' in the environment variable AMENT_PREFIX_PATH doesn't exist
[0.160s] WARNING:colcon.colcon_ros.prefix_path.ament:The path '/home/pawla/ros2_jazzy/install/test_communication' in the environment variable AMENT_PREFIX_PATH doesn't exist
[0.160s] WARNING:colcon.colcon_ros.prefix_path.ament:The path '/home/pawla/ros2_jazzy/install/stereo_msgs' in the environment variable AMENT_PREFIX_PATH doesn't exist
[0.160s] WARNING:colcon.colcon_ros.prefix_path.ament:The path '/home/pawla/ros2_jazzy/install/std_srvs' in the environment variable AMENT_PREFIX_PATH doesn't exist
[0.161s] WARNING:colcon.colcon_ros.prefix_path.ament:The path '/home/pawla/ros2_jazzy/install/shape_msgs' in the environment variable AMENT_PREFIX_PATH doesn't exist
[0.161s] WARNING:colcon.colcon_ros.prefix_path.ament:The path '/home/pawla/ros2_jazzy/install/examples_rclpy_pointcloud_publisher' in the environment variable AMENT_PREFIX_PATH doesn't exist
[0.161s] WARNING:colcon.colcon_ros.prefix_path.ament:The path '/home/pawla/ros2_jazzy/install/sensor_msgs_py' in the environment variable AMENT_PREFIX_PATH doesn't exist
[0.161s] WARNING:colcon.colcon_ros.prefix_path.ament:The path '/home/pawla/ros2_jazzy/install/quality_of_service_demo_py' in the environment variable AMENT_PREFIX_PATH doesn't exist
[0.161s] WARNING:colcon.colcon_ros.prefix_path.ament:The path '/home/pawla/ros2_jazzy/install/quality_of_service_demo_cpp' in the environment variable AMENT_PREFIX_PATH doesn't exist
[0.161s] WARNING:colcon.colcon_ros.prefix_path.ament:The path '/home/pawla/ros2_jazzy/install/point_cloud_transport_py' in the environment variable AMENT_PREFIX_PATH doesn't exist
[0.161s] WARNING:colcon.colcon_ros.prefix_path.ament:The path '/home/pawla/ros2_jazzy/install/point_cloud_transport' in the environment variable AMENT_PREFIX_PATH doesn't exist
[0.161s] WARNING:colcon.colcon_ros.prefix_path.ament:The path '/home/pawla/ros2_jazzy/install/map_msgs' in the environment variable AMENT_PREFIX_PATH doesn't exist
[0.161s] WARNING:colcon.colcon_ros.prefix_path.ament:The path '/home/pawla/ros2_jazzy/install/intra_process_demo' in the environment variable AMENT_PREFIX_PATH doesn't exist
[0.161s] WARNING:colcon.colcon_ros.prefix_path.ament:The path '/home/pawla/ros2_jazzy/install/image_transport' in the environment variable AMENT_PREFIX_PATH doesn't exist
[0.161s] WARNING:colcon.colcon_ros.prefix_path.ament:The path '/home/pawla/ros2_jazzy/install/image_tools' in the environment variable AMENT_PREFIX_PATH doesn't exist
[0.161s] WARNING:colcon.colcon_ros.prefix_path.ament:The path '/home/pawla/ros2_jazzy/install/dummy_sensors' in the environment variable AMENT_PREFIX_PATH doesn't exist
[0.161s] WARNING:colcon.colcon_ros.prefix_path.ament:The path '/home/pawla/ros2_jazzy/install/camera_info_manager_py' in the environment variable AMENT_PREFIX_PATH doesn't exist
[0.161s] WARNING:colcon.colcon_ros.prefix_path.ament:The path '/home/pawla/ros2_jazzy/install/sensor_msgs' in the environment variable AMENT_PREFIX_PATH doesn't exist
[0.162s] WARNING:colcon.colcon_ros.prefix_path.ament:The path '/home/pawla/ros2_jazzy/install/rqt_plot' in the environment variable AMENT_PREFIX_PATH doesn't exist
[0.162s] WARNING:colcon.colcon_ros.prefix_path.ament:The path '/home/pawla/ros2_jazzy/install/ros2cli_common_extensions' in the environment variable AMENT_PREFIX_PATH doesn't exist
[0.162s] WARNING:colcon.colcon_ros.prefix_path.ament:The path '/home/pawla/ros2_jazzy/install/ros2doctor' in the environment variable AMENT_PREFIX_PATH doesn't exist
[0.162s] WARNING:colcon.colcon_ros.prefix_path.ament:The path '/home/pawla/ros2_jazzy/install/dummy_map_server' in the environment variable AMENT_PREFIX_PATH doesn't exist
[0.162s] WARNING:colcon.colcon_ros.prefix_path.ament:The path '/home/pawla/ros2_jazzy/install/nav_msgs' in the environment variable AMENT_PREFIX_PATH doesn't exist
[0.162s] WARNING:colcon.colcon_ros.prefix_path.ament:The path '/home/pawla/ros2_jazzy/install/message_filters' in the environment variable AMENT_PREFIX_PATH doesn't exist
[0.162s] WARNING:colcon.colcon_ros.prefix_path.ament:The path '/home/pawla/ros2_jazzy/install/logging_demo' in the environment variable AMENT_PREFIX_PATH doesn't exist
[0.162s] WARNING:colcon.colcon_ros.prefix_path.ament:The path '/home/pawla/ros2_jazzy/install/lifecycle_py' in the environment variable AMENT_PREFIX_PATH doesn't exist
[0.162s] WARNING:colcon.colcon_ros.prefix_path.ament:The path '/home/pawla/ros2_jazzy/install/lifecycle' in the environment variable AMENT_PREFIX_PATH doesn't exist
[0.162s] WARNING:colcon.colcon_ros.prefix_path.ament:The path '/home/pawla/ros2_jazzy/install/diagnostic_msgs' in the environment variable AMENT_PREFIX_PATH doesn't exist
[0.162s] WARNING:colcon.colcon_ros.prefix_path.ament:The path '/home/pawla/ros2_jazzy/install/geometry_msgs' in the environment variable AMENT_PREFIX_PATH doesn't exist
[0.162s] WARNING:colcon.colcon_ros.prefix_path.ament:The path '/home/pawla/ros2_jazzy/install/examples_rclpy_minimal_subscriber' in the environment variable AMENT_PREFIX_PATH doesn't exist
[0.162s] WARNING:colcon.colcon_ros.prefix_path.ament:The path '/home/pawla/ros2_jazzy/install/examples_rclpy_minimal_service' in the environment variable AMENT_PREFIX_PATH doesn't exist
[0.162s] WARNING:colcon.colcon_ros.prefix_path.ament:The path '/home/pawla/ros2_jazzy/install/examples_rclpy_minimal_publisher' in the environment variable AMENT_PREFIX_PATH doesn't exist
[0.162s] WARNING:colcon.colcon_ros.prefix_path.ament:The path '/home/pawla/ros2_jazzy/install/examples_rclpy_minimal_client' in the environment variable AMENT_PREFIX_PATH doesn't exist
[0.162s] WARNING:colcon.colcon_ros.prefix_path.ament:The path '/home/pawla/ros2_jazzy/install/examples_rclpy_executors' in the environment variable AMENT_PREFIX_PATH doesn't exist
[0.163s] WARNING:colcon.colcon_ros.prefix_path.ament:The path '/home/pawla/ros2_jazzy/install/examples_rclcpp_wait_set' in the environment variable AMENT_PREFIX_PATH doesn't exist
[0.163s] WARNING:colcon.colcon_ros.prefix_path.ament:The path '/home/pawla/ros2_jazzy/install/examples_rclcpp_multithreaded_executor' in the environment variable AMENT_PREFIX_PATH doesn't exist
[0.163s] WARNING:colcon.colcon_ros.prefix_path.ament:The path '/home/pawla/ros2_jazzy/install/examples_rclcpp_minimal_subscriber' in the environment variable AMENT_PREFIX_PATH doesn't exist
[0.163s] WARNING:colcon.colcon_ros.prefix_path.ament:The path '/home/pawla/ros2_jazzy/install/examples_rclcpp_minimal_publisher' in the environment variable AMENT_PREFIX_PATH doesn't exist
[0.163s] WARNING:colcon.colcon_ros.prefix_path.ament:The path '/home/pawla/ros2_jazzy/install/examples_rclcpp_minimal_composition' in the environment variable AMENT_PREFIX_PATH doesn't exist
[0.163s] WARNING:colcon.colcon_ros.prefix_path.ament:The path '/home/pawla/ros2_jazzy/install/examples_rclcpp_cbg_executor' in the environment variable AMENT_PREFIX_PATH doesn't exist
[0.163s] WARNING:colcon.colcon_ros.prefix_path.ament:The path '/home/pawla/ros2_jazzy/install/demo_nodes_py' in the environment variable AMENT_PREFIX_PATH doesn't exist
[0.163s] WARNING:colcon.colcon_ros.prefix_path.ament:The path '/home/pawla/ros2_jazzy/install/demo_nodes_cpp_native' in the environment variable AMENT_PREFIX_PATH doesn't exist
[0.163s] WARNING:colcon.colcon_ros.prefix_path.ament:The path '/home/pawla/ros2_jazzy/install/demo_nodes_cpp' in the environment variable AMENT_PREFIX_PATH doesn't exist
[0.163s] WARNING:colcon.colcon_ros.prefix_path.ament:The path '/home/pawla/ros2_jazzy/install/composition' in the environment variable AMENT_PREFIX_PATH doesn't exist
[0.163s] WARNING:colcon.colcon_ros.prefix_path.ament:The path '/home/pawla/ros2_jazzy/install/actionlib_msgs' in the environment variable AMENT_PREFIX_PATH doesn't exist
[0.163s] WARNING:colcon.colcon_ros.prefix_path.ament:The path '/home/pawla/ros2_jazzy/install/std_msgs' in the environment variable AMENT_PREFIX_PATH doesn't exist
[0.163s] WARNING:colcon.colcon_ros.prefix_path.ament:The path '/home/pawla/ros2_jazzy/install/rqt' in the environment variable AMENT_PREFIX_PATH doesn't exist
[0.163s] WARNING:colcon.colcon_ros.prefix_path.ament:The path '/home/pawla/ros2_jazzy/install/rqt_gui_cpp' in the environment variable AMENT_PREFIX_PATH doesn't exist
[0.163s] WARNING:colcon.colcon_ros.prefix_path.ament:The path '/home/pawla/ros2_jazzy/install/ros2lifecycle_test_fixtures' in the environment variable AMENT_PREFIX_PATH doesn't exist
[0.163s] WARNING:colcon.colcon_ros.prefix_path.ament:The path '/home/pawla/ros2_jazzy/install/ros2component' in the environment variable AMENT_PREFIX_PATH doesn't exist
[0.164s] WARNING:colcon.colcon_ros.prefix_path.ament:The path '/home/pawla/ros2_jazzy/install/rclcpp_lifecycle' in the environment variable AMENT_PREFIX_PATH doesn't exist
[0.164s] WARNING:colcon.colcon_ros.prefix_path.ament:The path '/home/pawla/ros2_jazzy/install/action_tutorials_cpp' in the environment variable AMENT_PREFIX_PATH doesn't exist
[0.164s] WARNING:colcon.colcon_ros.prefix_path.ament:The path '/home/pawla/ros2_jazzy/install/rclcpp_components' in the environment variable AMENT_PREFIX_PATH doesn't exist
[0.164s] WARNING:colcon.colcon_ros.prefix_path.ament:The path '/home/pawla/ros2_jazzy/install/examples_rclcpp_minimal_action_server' in the environment variable AMENT_PREFIX_PATH doesn't exist
[0.164s] WARNING:colcon.colcon_ros.prefix_path.ament:The path '/home/pawla/ros2_jazzy/install/examples_rclcpp_minimal_action_client' in the environment variable AMENT_PREFIX_PATH doesn't exist
[0.164s] WARNING:colcon.colcon_ros.prefix_path.ament:The path '/home/pawla/ros2_jazzy/install/rclcpp_action' in the environment variable AMENT_PREFIX_PATH doesn't exist
[0.164s] WARNING:colcon.colcon_ros.prefix_path.ament:The path '/home/pawla/ros2_jazzy/install/examples_rclcpp_minimal_timer' in the environment variable AMENT_PREFIX_PATH doesn't exist
[0.164s] WARNING:colcon.colcon_ros.prefix_path.ament:The path '/home/pawla/ros2_jazzy/install/examples_rclcpp_minimal_service' in the environment variable AMENT_PREFIX_PATH doesn't exist
[0.164s] WARNING:colcon.colcon_ros.prefix_path.ament:The path '/home/pawla/ros2_jazzy/install/examples_rclcpp_minimal_client' in the environment variable AMENT_PREFIX_PATH doesn't exist
[0.164s] WARNING:colcon.colcon_ros.prefix_path.ament:The path '/home/pawla/ros2_jazzy/install/examples_rclcpp_async_client' in the environment variable AMENT_PREFIX_PATH doesn't exist
[0.164s] WARNING:colcon.colcon_ros.prefix_path.ament:The path '/home/pawla/ros2_jazzy/install/rclcpp' in the environment variable AMENT_PREFIX_PATH doesn't exist
[0.164s] WARNING:colcon.colcon_ros.prefix_path.ament:The path '/home/pawla/ros2_jazzy/install/libstatistics_collector' in the environment variable AMENT_PREFIX_PATH doesn't exist
[0.164s] WARNING:colcon.colcon_ros.prefix_path.ament:The path '/home/pawla/ros2_jazzy/install/statistics_msgs' in the environment variable AMENT_PREFIX_PATH doesn't exist
[0.164s] WARNING:colcon.colcon_ros.prefix_path.ament:The path '/home/pawla/ros2_jazzy/install/sros2_cmake' in the environment variable AMENT_PREFIX_PATH doesn't exist
[0.164s] WARNING:colcon.colcon_ros.prefix_path.ament:The path '/home/pawla/ros2_jazzy/install/sros2' in the environment variable AMENT_PREFIX_PATH doesn't exist
[0.165s] WARNING:colcon.colcon_ros.prefix_path.ament:The path '/home/pawla/ros2_jazzy/install/rqt_topic' in the environment variable AMENT_PREFIX_PATH doesn't exist
[0.165s] WARNING:colcon.colcon_ros.prefix_path.ament:The path '/home/pawla/ros2_jazzy/install/rqt_srv' in the environment variable AMENT_PREFIX_PATH doesn't exist
[0.165s] WARNING:colcon.colcon_ros.prefix_path.ament:The path '/home/pawla/ros2_jazzy/install/rqt_shell' in the environment variable AMENT_PREFIX_PATH doesn't exist
[0.165s] WARNING:colcon.colcon_ros.prefix_path.ament:The path '/home/pawla/ros2_jazzy/install/rqt_service_caller' in the environment variable AMENT_PREFIX_PATH doesn't exist
[0.165s] WARNING:colcon.colcon_ros.prefix_path.ament:The path '/home/pawla/ros2_jazzy/install/rqt_reconfigure' in the environment variable AMENT_PREFIX_PATH doesn't exist
[0.165s] WARNING:colcon.colcon_ros.prefix_path.ament:The path '/home/pawla/ros2_jazzy/install/rqt_py_console' in the environment variable AMENT_PREFIX_PATH doesn't exist
[0.165s] WARNING:colcon.colcon_ros.prefix_path.ament:The path '/home/pawla/ros2_jazzy/install/rqt_publisher' in the environment variable AMENT_PREFIX_PATH doesn't exist
[0.165s] WARNING:colcon.colcon_ros.prefix_path.ament:The path '/home/pawla/ros2_jazzy/install/rqt_action' in the environment variable AMENT_PREFIX_PATH doesn't exist
[0.165s] WARNING:colcon.colcon_ros.prefix_path.ament:The path '/home/pawla/ros2_jazzy/install/rqt_msg' in the environment variable AMENT_PREFIX_PATH doesn't exist
[0.165s] WARNING:colcon.colcon_ros.prefix_path.ament:The path '/home/pawla/ros2_jazzy/install/rqt_console' in the environment variable AMENT_PREFIX_PATH doesn't exist
[0.165s] WARNING:colcon.colcon_ros.prefix_path.ament:The path '/home/pawla/ros2_jazzy/install/rqt_py_common' in the environment variable AMENT_PREFIX_PATH doesn't exist
[0.165s] WARNING:colcon.colcon_ros.prefix_path.ament:The path '/home/pawla/ros2_jazzy/install/rqt_graph' in the environment variable AMENT_PREFIX_PATH doesn't exist
[0.165s] WARNING:colcon.colcon_ros.prefix_path.ament:The path '/home/pawla/ros2_jazzy/install/rqt_gui_py' in the environment variable AMENT_PREFIX_PATH doesn't exist
[0.165s] WARNING:colcon.colcon_ros.prefix_path.ament:The path '/home/pawla/ros2_jazzy/install/rqt_gui' in the environment variable AMENT_PREFIX_PATH doesn't exist
[0.165s] WARNING:colcon.colcon_ros.prefix_path.ament:The path '/home/pawla/ros2_jazzy/install/ros_testing' in the environment variable AMENT_PREFIX_PATH doesn't exist
[0.166s] WARNING:colcon.colcon_ros.prefix_path.ament:The path '/home/pawla/ros2_jazzy/install/ros2trace' in the environment variable AMENT_PREFIX_PATH doesn't exist
[0.166s] WARNING:colcon.colcon_ros.prefix_path.ament:The path '/home/pawla/ros2_jazzy/install/ros2param' in the environment variable AMENT_PREFIX_PATH doesn't exist
[0.166s] WARNING:colcon.colcon_ros.prefix_path.ament:The path '/home/pawla/ros2_jazzy/install/ros2lifecycle' in the environment variable AMENT_PREFIX_PATH doesn't exist
[0.166s] WARNING:colcon.colcon_ros.prefix_path.ament:The path '/home/pawla/ros2_jazzy/install/ros2service' in the environment variable AMENT_PREFIX_PATH doesn't exist
[0.166s] WARNING:colcon.colcon_ros.prefix_path.ament:The path '/home/pawla/ros2_jazzy/install/ros2topic' in the environment variable AMENT_PREFIX_PATH doesn't exist
[0.166s] WARNING:colcon.colcon_ros.prefix_path.ament:The path '/home/pawla/ros2_jazzy/install/ros2test' in the environment variable AMENT_PREFIX_PATH doesn't exist
[0.166s] WARNING:colcon.colcon_ros.prefix_path.ament:The path '/home/pawla/ros2_jazzy/install/ros2run' in the environment variable AMENT_PREFIX_PATH doesn't exist
[0.166s] WARNING:colcon.colcon_ros.prefix_path.ament:The path '/home/pawla/ros2_jazzy/install/ros2plugin' in the environment variable AMENT_PREFIX_PATH doesn't exist
[0.166s] WARNING:colcon.colcon_ros.prefix_path.ament:The path '/home/pawla/ros2_jazzy/install/ros2launch' in the environment variable AMENT_PREFIX_PATH doesn't exist
[0.166s] WARNING:colcon.colcon_ros.prefix_path.ament:The path '/home/pawla/ros2_jazzy/install/ros2pkg' in the environment variable AMENT_PREFIX_PATH doesn't exist
[0.166s] WARNING:colcon.colcon_ros.prefix_path.ament:The path '/home/pawla/ros2_jazzy/install/ros2node' in the environment variable AMENT_PREFIX_PATH doesn't exist
[0.166s] WARNING:colcon.colcon_ros.prefix_path.ament:The path '/home/pawla/ros2_jazzy/install/ros2multicast' in the environment variable AMENT_PREFIX_PATH doesn't exist
[0.166s] WARNING:colcon.colcon_ros.prefix_path.ament:The path '/home/pawla/ros2_jazzy/install/ros2interface' in the environment variable AMENT_PREFIX_PATH doesn't exist
[0.166s] WARNING:colcon.colcon_ros.prefix_path.ament:The path '/home/pawla/ros2_jazzy/install/ros2action' in the environment variable AMENT_PREFIX_PATH doesn't exist
[0.166s] WARNING:colcon.colcon_ros.prefix_path.ament:The path '/home/pawla/ros2_jazzy/install/ros2cli' in the environment variable AMENT_PREFIX_PATH doesn't exist
[0.166s] WARNING:colcon.colcon_ros.prefix_path.ament:The path '/home/pawla/ros2_jazzy/install/launch_testing_ros' in the environment variable AMENT_PREFIX_PATH doesn't exist
[0.167s] WARNING:colcon.colcon_ros.prefix_path.ament:The path '/home/pawla/ros2_jazzy/install/launch_ros' in the environment variable AMENT_PREFIX_PATH doesn't exist
[0.167s] WARNING:colcon.colcon_ros.prefix_path.ament:The path '/home/pawla/ros2_jazzy/install/examples_rclpy_minimal_action_server' in the environment variable AMENT_PREFIX_PATH doesn't exist
[0.167s] WARNING:colcon.colcon_ros.prefix_path.ament:The path '/home/pawla/ros2_jazzy/install/examples_rclpy_minimal_action_client' in the environment variable AMENT_PREFIX_PATH doesn't exist
[0.167s] WARNING:colcon.colcon_ros.prefix_path.ament:The path '/home/pawla/ros2_jazzy/install/examples_rclpy_guard_conditions' in the environment variable AMENT_PREFIX_PATH doesn't exist
[0.167s] WARNING:colcon.colcon_ros.prefix_path.ament:The path '/home/pawla/ros2_jazzy/install/action_tutorials_py' in the environment variable AMENT_PREFIX_PATH doesn't exist
[0.167s] WARNING:colcon.colcon_ros.prefix_path.ament:The path '/home/pawla/ros2_jazzy/install/rclpy' in the environment variable AMENT_PREFIX_PATH doesn't exist
[0.167s] WARNING:colcon.colcon_ros.prefix_path.ament:The path '/home/pawla/ros2_jazzy/install/rosgraph_msgs' in the environment variable AMENT_PREFIX_PATH doesn't exist
[0.167s] WARNING:colcon.colcon_ros.prefix_path.ament:The path '/home/pawla/ros2_jazzy/install/rosbag2_performance_benchmarking_msgs' in the environment variable AMENT_PREFIX_PATH doesn't exist
[0.167s] WARNING:colcon.colcon_ros.prefix_path.ament:The path '/home/pawla/ros2_jazzy/install/rosbag2_interfaces' in the environment variable AMENT_PREFIX_PATH doesn't exist
[0.167s] WARNING:colcon.colcon_ros.prefix_path.ament:The path '/home/pawla/ros2_jazzy/install/ros2cli_test_interfaces' in the environment variable AMENT_PREFIX_PATH doesn't exist
[0.167s] WARNING:colcon.colcon_ros.prefix_path.ament:The path '/home/pawla/ros2_jazzy/install/rcl_lifecycle' in the environment variable AMENT_PREFIX_PATH doesn't exist
[0.167s] WARNING:colcon.colcon_ros.prefix_path.ament:The path '/home/pawla/ros2_jazzy/install/rcl_action' in the environment variable AMENT_PREFIX_PATH doesn't exist
[0.167s] WARNING:colcon.colcon_ros.prefix_path.ament:The path '/home/pawla/ros2_jazzy/install/rcl' in the environment variable AMENT_PREFIX_PATH doesn't exist
[0.167s] WARNING:colcon.colcon_ros.prefix_path.ament:The path '/home/pawla/ros2_jazzy/install/rmw_implementation' in the environment variable AMENT_PREFIX_PATH doesn't exist
[0.168s] WARNING:colcon.colcon_ros.prefix_path.ament:The path '/home/pawla/ros2_jazzy/install/rmw_fastrtps_dynamic_cpp' in the environment variable AMENT_PREFIX_PATH doesn't exist
[0.168s] WARNING:colcon.colcon_ros.prefix_path.ament:The path '/home/pawla/ros2_jazzy/install/rmw_fastrtps_cpp' in the environment variable AMENT_PREFIX_PATH doesn't exist
[0.168s] WARNING:colcon.colcon_ros.prefix_path.ament:The path '/home/pawla/ros2_jazzy/install/rmw_fastrtps_shared_cpp' in the environment variable AMENT_PREFIX_PATH doesn't exist
[0.168s] WARNING:colcon.colcon_ros.prefix_path.ament:The path '/home/pawla/ros2_jazzy/install/rmw_cyclonedds_cpp' in the environment variable AMENT_PREFIX_PATH doesn't exist
[0.168s] WARNING:colcon.colcon_ros.prefix_path.ament:The path '/home/pawla/ros2_jazzy/install/rmw_connextddsmicro' in the environment variable AMENT_PREFIX_PATH doesn't exist
[0.168s] WARNING:colcon.colcon_ros.prefix_path.ament:The path '/home/pawla/ros2_jazzy/install/rmw_connextdds' in the environment variable AMENT_PREFIX_PATH doesn't exist
[0.168s] WARNING:colcon.colcon_ros.prefix_path.ament:The path '/home/pawla/ros2_jazzy/install/rmw_connextdds_common' in the environment variable AMENT_PREFIX_PATH doesn't exist
[0.168s] WARNING:colcon.colcon_ros.prefix_path.ament:The path '/home/pawla/ros2_jazzy/install/rmw_dds_common' in the environment variable AMENT_PREFIX_PATH doesn't exist
[0.168s] WARNING:colcon.colcon_ros.prefix_path.ament:The path '/home/pawla/ros2_jazzy/install/composition_interfaces' in the environment variable AMENT_PREFIX_PATH doesn't exist
[0.168s] WARNING:colcon.colcon_ros.prefix_path.ament:The path '/home/pawla/ros2_jazzy/install/rcl_interfaces' in the environment variable AMENT_PREFIX_PATH doesn't exist
[0.168s] WARNING:colcon.colcon_ros.prefix_path.ament:The path '/home/pawla/ros2_jazzy/install/pendulum_msgs' in the environment variable AMENT_PREFIX_PATH doesn't exist
[0.168s] WARNING:colcon.colcon_ros.prefix_path.ament:The path '/home/pawla/ros2_jazzy/install/lifecycle_msgs' in the environment variable AMENT_PREFIX_PATH doesn't exist
[0.168s] WARNING:colcon.colcon_ros.prefix_path.ament:The path '/home/pawla/ros2_jazzy/install/example_interfaces' in the environment variable AMENT_PREFIX_PATH doesn't exist
[0.168s] WARNING:colcon.colcon_ros.prefix_path.ament:The path '/home/pawla/ros2_jazzy/install/action_tutorials_interfaces' in the environment variable AMENT_PREFIX_PATH doesn't exist
[0.168s] WARNING:colcon.colcon_ros.prefix_path.ament:The path '/home/pawla/ros2_jazzy/install/rosidl_default_runtime' in the environment variable AMENT_PREFIX_PATH doesn't exist
[0.169s] WARNING:colcon.colcon_ros.prefix_path.ament:The path '/home/pawla/ros2_jazzy/install/rosidl_default_generators' in the environment variable AMENT_PREFIX_PATH doesn't exist
[0.169s] WARNING:colcon.colcon_ros.prefix_path.ament:The path '/home/pawla/ros2_jazzy/install/action_msgs' in the environment variable AMENT_PREFIX_PATH doesn't exist
[0.169s] WARNING:colcon.colcon_ros.prefix_path.ament:The path '/home/pawla/ros2_jazzy/install/unique_identifier_msgs' in the environment variable AMENT_PREFIX_PATH doesn't exist
[0.169s] WARNING:colcon.colcon_ros.prefix_path.ament:The path '/home/pawla/ros2_jazzy/install/type_description_interfaces' in the environment variable AMENT_PREFIX_PATH doesn't exist
[0.169s] WARNING:colcon.colcon_ros.prefix_path.ament:The path '/home/pawla/ros2_jazzy/install/service_msgs' in the environment variable AMENT_PREFIX_PATH doesn't exist
[0.169s] WARNING:colcon.colcon_ros.prefix_path.ament:The path '/home/pawla/ros2_jazzy/install/builtin_interfaces' in the environment variable AMENT_PREFIX_PATH doesn't exist
[0.169s] WARNING:colcon.colcon_ros.prefix_path.ament:The path '/home/pawla/ros2_jazzy/install/rosidl_core_runtime' in the environment variable AMENT_PREFIX_PATH doesn't exist
[0.169s] WARNING:colcon.colcon_ros.prefix_path.ament:The path '/home/pawla/ros2_jazzy/install/rosidl_core_generators' in the environment variable AMENT_PREFIX_PATH doesn't exist
[0.169s] WARNING:colcon.colcon_ros.prefix_path.ament:The path '/home/pawla/ros2_jazzy/install/rosidl_generator_py' in the environment variable AMENT_PREFIX_PATH doesn't exist
[0.169s] WARNING:colcon.colcon_ros.prefix_path.ament:The path '/home/pawla/ros2_jazzy/install/ament_lint_common' in the environment variable AMENT_PREFIX_PATH doesn't exist
[0.169s] WARNING:colcon.colcon_ros.prefix_path.ament:The path '/home/pawla/ros2_jazzy/install/ament_cmake_uncrustify' in the environment variable AMENT_PREFIX_PATH doesn't exist
[0.169s] WARNING:colcon.colcon_ros.prefix_path.ament:The path '/home/pawla/ros2_jazzy/install/ament_uncrustify' in the environment variable AMENT_PREFIX_PATH doesn't exist
[0.170s] WARNING:colcon.colcon_ros.prefix_path.ament:The path '/home/pawla/ros2_jazzy/install/uncrustify_vendor' in the environment variable AMENT_PREFIX_PATH doesn't exist
[0.170s] WARNING:colcon.colcon_ros.prefix_path.ament:The path '/home/pawla/ros2_jazzy/install/tracetools_trace' in the environment variable AMENT_PREFIX_PATH doesn't exist
[0.170s] WARNING:colcon.colcon_ros.prefix_path.ament:The path '/home/pawla/ros2_jazzy/install/tracetools_read' in the environment variable AMENT_PREFIX_PATH doesn't exist
[0.170s] WARNING:colcon.colcon_ros.prefix_path.ament:The path '/home/pawla/ros2_jazzy/install/tracetools' in the environment variable AMENT_PREFIX_PATH doesn't exist
[0.170s] WARNING:colcon.colcon_ros.prefix_path.ament:The path '/home/pawla/ros2_jazzy/install/tlsf' in the environment variable AMENT_PREFIX_PATH doesn't exist
[0.170s] WARNING:colcon.colcon_ros.prefix_path.ament:The path '/home/pawla/ros2_jazzy/install/qt_gui_core' in the environment variable AMENT_PREFIX_PATH doesn't exist
[0.170s] WARNING:colcon.colcon_ros.prefix_path.ament:The path '/home/pawla/ros2_jazzy/install/qt_gui_cpp' in the environment variable AMENT_PREFIX_PATH doesn't exist
[0.170s] WARNING:colcon.colcon_ros.prefix_path.ament:The path '/home/pawla/ros2_jazzy/install/pluginlib' in the environment variable AMENT_PREFIX_PATH doesn't exist
[0.171s] WARNING:colcon.colcon_ros.prefix_path.ament:The path '/home/pawla/ros2_jazzy/install/tinyxml2_vendor' in the environment variable AMENT_PREFIX_PATH doesn't exist
[0.171s] WARNING:colcon.colcon_ros.prefix_path.ament:The path '/home/pawla/ros2_jazzy/install/test_tracetools_launch' in the environment variable AMENT_PREFIX_PATH doesn't exist
[0.172s] WARNING:colcon.colcon_ros.prefix_path.ament:The path '/home/pawla/ros2_jazzy/install/test_security' in the environment variable AMENT_PREFIX_PATH doesn't exist
[0.172s] WARNING:colcon.colcon_ros.prefix_path.ament:The path '/home/pawla/ros2_jazzy/install/test_ros2trace' in the environment variable AMENT_PREFIX_PATH doesn't exist
[0.172s] WARNING:colcon.colcon_ros.prefix_path.ament:The path '/home/pawla/ros2_jazzy/install/test_rmw_implementation' in the environment variable AMENT_PREFIX_PATH doesn't exist
[0.172s] WARNING:colcon.colcon_ros.prefix_path.ament:The path '/home/pawla/ros2_jazzy/install/test_rclcpp' in the environment variable AMENT_PREFIX_PATH doesn't exist
[0.172s] WARNING:colcon.colcon_ros.prefix_path.ament:The path '/home/pawla/ros2_jazzy/install/test_quality_of_service' in the environment variable AMENT_PREFIX_PATH doesn't exist
[0.172s] WARNING:colcon.colcon_ros.prefix_path.ament:The path '/home/pawla/ros2_jazzy/install/test_launch_testing' in the environment variable AMENT_PREFIX_PATH doesn't exist
[0.172s] WARNING:colcon.colcon_ros.prefix_path.ament:The path '/home/pawla/ros2_jazzy/install/test_launch_ros' in the environment variable AMENT_PREFIX_PATH doesn't exist
[0.172s] WARNING:colcon.colcon_ros.prefix_path.ament:The path '/home/pawla/ros2_jazzy/install/test_interface_files' in the environment variable AMENT_PREFIX_PATH doesn't exist
[0.172s] WARNING:colcon.colcon_ros.prefix_path.ament:The path '/home/pawla/ros2_jazzy/install/test_cli_remapping' in the environment variable AMENT_PREFIX_PATH doesn't exist
[0.172s] WARNING:colcon.colcon_ros.prefix_path.ament:The path '/home/pawla/ros2_jazzy/install/test_cli' in the environment variable AMENT_PREFIX_PATH doesn't exist
[0.172s] WARNING:colcon.colcon_ros.prefix_path.ament:The path '/home/pawla/ros2_jazzy/install/qt_gui_app' in the environment variable AMENT_PREFIX_PATH doesn't exist
[0.173s] WARNING:colcon.colcon_ros.prefix_path.ament:The path '/home/pawla/ros2_jazzy/install/qt_gui' in the environment variable AMENT_PREFIX_PATH doesn't exist
[0.173s] WARNING:colcon.colcon_ros.prefix_path.ament:The path '/home/pawla/ros2_jazzy/install/tango_icons_vendor' in the environment variable AMENT_PREFIX_PATH doesn't exist
[0.173s] WARNING:colcon.colcon_ros.prefix_path.ament:The path '/home/pawla/ros2_jazzy/install/sqlite3_vendor' in the environment variable AMENT_PREFIX_PATH doesn't exist
[0.173s] WARNING:colcon.colcon_ros.prefix_path.ament:The path '/home/pawla/ros2_jazzy/install/rcl_logging_spdlog' in the environment variable AMENT_PREFIX_PATH doesn't exist
[0.173s] WARNING:colcon.colcon_ros.prefix_path.ament:The path '/home/pawla/ros2_jazzy/install/spdlog_vendor' in the environment variable AMENT_PREFIX_PATH doesn't exist
[0.173s] WARNING:colcon.colcon_ros.prefix_path.ament:The path '/home/pawla/ros2_jazzy/install/shared_queues_vendor' in the environment variable AMENT_PREFIX_PATH doesn't exist
[0.173s] WARNING:colcon.colcon_ros.prefix_path.ament:The path '/home/pawla/ros2_jazzy/install/rviz_rendering_tests' in the environment variable AMENT_PREFIX_PATH doesn't exist
[0.173s] WARNING:colcon.colcon_ros.prefix_path.ament:The path '/home/pawla/ros2_jazzy/install/rviz_rendering' in the environment variable AMENT_PREFIX_PATH doesn't exist
[0.173s] WARNING:colcon.colcon_ros.prefix_path.ament:The path '/home/pawla/ros2_jazzy/install/rviz_ogre_vendor' in the environment variable AMENT_PREFIX_PATH doesn't exist
[0.173s] WARNING:colcon.colcon_ros.prefix_path.ament:The path '/home/pawla/ros2_jazzy/install/rviz_assimp_vendor' in the environment variable AMENT_PREFIX_PATH doesn't exist
[0.173s] WARNING:colcon.colcon_ros.prefix_path.ament:The path '/home/pawla/ros2_jazzy/install/rttest' in the environment variable AMENT_PREFIX_PATH doesn't exist
[0.173s] WARNING:colcon.colcon_ros.prefix_path.ament:The path '/home/pawla/ros2_jazzy/install/rti_connext_dds_cmake_module' in the environment variable AMENT_PREFIX_PATH doesn't exist
[0.173s] WARNING:colcon.colcon_ros.prefix_path.ament:The path '/home/pawla/ros2_jazzy/install/lttngpy' in the environment variable AMENT_PREFIX_PATH doesn't exist
[0.173s] WARNING:colcon.colcon_ros.prefix_path.ament:The path '/home/pawla/ros2_jazzy/install/rpyutils' in the environment variable AMENT_PREFIX_PATH doesn't exist
[0.173s] WARNING:colcon.colcon_ros.prefix_path.ament:The path '/home/pawla/ros2_jazzy/install/rosidl_typesupport_tests' in the environment variable AMENT_PREFIX_PATH doesn't exist
[0.174s] WARNING:colcon.colcon_ros.prefix_path.ament:The path '/home/pawla/ros2_jazzy/install/rosidl_typesupport_introspection_tests' in the environment variable AMENT_PREFIX_PATH doesn't exist
[0.174s] WARNING:colcon.colcon_ros.prefix_path.ament:The path '/home/pawla/ros2_jazzy/install/rosidl_typesupport_cpp' in the environment variable AMENT_PREFIX_PATH doesn't exist
[0.174s] WARNING:colcon.colcon_ros.prefix_path.ament:The path '/home/pawla/ros2_jazzy/install/rosidl_typesupport_introspection_cpp' in the environment variable AMENT_PREFIX_PATH doesn't exist
[0.174s] WARNING:colcon.colcon_ros.prefix_path.ament:The path '/home/pawla/ros2_jazzy/install/rosidl_generator_rs' in the environment variable AMENT_PREFIX_PATH doesn't exist
[0.174s] WARNING:colcon.colcon_ros.prefix_path.ament:The path '/home/pawla/ros2_jazzy/install/rosidl_typesupport_c' in the environment variable AMENT_PREFIX_PATH doesn't exist
[0.174s] WARNING:colcon.colcon_ros.prefix_path.ament:The path '/home/pawla/ros2_jazzy/install/rosidl_typesupport_introspection_c' in the environment variable AMENT_PREFIX_PATH doesn't exist
[0.174s] WARNING:colcon.colcon_ros.prefix_path.ament:The path '/home/pawla/ros2_jazzy/install/rosidl_typesupport_fastrtps_c' in the environment variable AMENT_PREFIX_PATH doesn't exist
[0.174s] WARNING:colcon.colcon_ros.prefix_path.ament:The path '/home/pawla/ros2_jazzy/install/rosidl_typesupport_fastrtps_cpp' in the environment variable AMENT_PREFIX_PATH doesn't exist
[0.174s] WARNING:colcon.colcon_ros.prefix_path.ament:The path '/home/pawla/ros2_jazzy/install/rosidl_generator_cpp' in the environment variable AMENT_PREFIX_PATH doesn't exist
[0.174s] WARNING:colcon.colcon_ros.prefix_path.ament:The path '/home/pawla/ros2_jazzy/install/rosidl_runtime_cpp' in the environment variable AMENT_PREFIX_PATH doesn't exist
[0.174s] WARNING:colcon.colcon_ros.prefix_path.ament:The path '/home/pawla/ros2_jazzy/install/rosidl_dynamic_typesupport_fastrtps' in the environment variable AMENT_PREFIX_PATH doesn't exist
[0.174s] WARNING:colcon.colcon_ros.prefix_path.ament:The path '/home/pawla/ros2_jazzy/install/rcl_yaml_param_parser' in the environment variable AMENT_PREFIX_PATH doesn't exist
[0.174s] WARNING:colcon.colcon_ros.prefix_path.ament:The path '/home/pawla/ros2_jazzy/install/rmw' in the environment variable AMENT_PREFIX_PATH doesn't exist
[0.174s] WARNING:colcon.colcon_ros.prefix_path.ament:The path '/home/pawla/ros2_jazzy/install/rosidl_dynamic_typesupport' in the environment variable AMENT_PREFIX_PATH doesn't exist
[0.175s] WARNING:colcon.colcon_ros.prefix_path.ament:The path '/home/pawla/ros2_jazzy/install/rosidl_runtime_c' in the environment variable AMENT_PREFIX_PATH doesn't exist
[0.175s] WARNING:colcon.colcon_ros.prefix_path.ament:The path '/home/pawla/ros2_jazzy/install/rosidl_generator_c' in the environment variable AMENT_PREFIX_PATH doesn't exist
[0.175s] WARNING:colcon.colcon_ros.prefix_path.ament:The path '/home/pawla/ros2_jazzy/install/rosidl_typesupport_interface' in the environment variable AMENT_PREFIX_PATH doesn't exist
[0.175s] WARNING:colcon.colcon_ros.prefix_path.ament:The path '/home/pawla/ros2_jazzy/install/rosidl_runtime_py' in the environment variable AMENT_PREFIX_PATH doesn't exist
[0.175s] WARNING:colcon.colcon_ros.prefix_path.ament:The path '/home/pawla/ros2_jazzy/install/rosidl_generator_dds_idl' in the environment variable AMENT_PREFIX_PATH doesn't exist
[0.175s] WARNING:colcon.colcon_ros.prefix_path.ament:The path '/home/pawla/ros2_jazzy/install/rosidl_cmake' in the environment variable AMENT_PREFIX_PATH doesn't exist
[0.175s] WARNING:colcon.colcon_ros.prefix_path.ament:The path '/home/pawla/ros2_jazzy/install/rosidl_pycommon' in the environment variable AMENT_PREFIX_PATH doesn't exist
[0.175s] WARNING:colcon.colcon_ros.prefix_path.ament:The path '/home/pawla/ros2_jazzy/install/rosidl_generator_type_description' in the environment variable AMENT_PREFIX_PATH doesn't exist
[0.175s] WARNING:colcon.colcon_ros.prefix_path.ament:The path '/home/pawla/ros2_jazzy/install/rosidl_parser' in the environment variable AMENT_PREFIX_PATH doesn't exist
[0.175s] WARNING:colcon.colcon_ros.prefix_path.ament:The path '/home/pawla/ros2_jazzy/install/rosidl_generator_tests' in the environment variable AMENT_PREFIX_PATH doesn't exist
[0.175s] WARNING:colcon.colcon_ros.prefix_path.ament:The path '/home/pawla/ros2_jazzy/install/rosidl_adapter' in the environment variable AMENT_PREFIX_PATH doesn't exist
[0.175s] WARNING:colcon.colcon_ros.prefix_path.ament:The path '/home/pawla/ros2_jazzy/install/rosidl_cli' in the environment variable AMENT_PREFIX_PATH doesn't exist
[0.176s] WARNING:colcon.colcon_ros.prefix_path.ament:The path '/home/pawla/ros2_jazzy/install/rosbag2_tests' in the environment variable AMENT_PREFIX_PATH doesn't exist
[0.176s] WARNING:colcon.colcon_ros.prefix_path.ament:The path '/home/pawla/ros2_jazzy/install/rosbag2_test_msgdefs' in the environment variable AMENT_PREFIX_PATH doesn't exist
[0.176s] WARNING:colcon.colcon_ros.prefix_path.ament:The path '/home/pawla/ros2_jazzy/install/ros_environment' in the environment variable AMENT_PREFIX_PATH doesn't exist
[0.176s] WARNING:colcon.colcon_ros.prefix_path.ament:The path '/home/pawla/ros2_jazzy/install/rmw_implementation_cmake' in the environment variable AMENT_PREFIX_PATH doesn't exist
[0.176s] WARNING:colcon.colcon_ros.prefix_path.ament:The path '/home/pawla/ros2_jazzy/install/resource_retriever' in the environment variable AMENT_PREFIX_PATH doesn't exist
[0.176s] WARNING:colcon.colcon_ros.prefix_path.ament:The path '/home/pawla/ros2_jazzy/install/class_loader' in the environment variable AMENT_PREFIX_PATH doesn't exist
[0.176s] WARNING:colcon.colcon_ros.prefix_path.ament:The path '/home/pawla/ros2_jazzy/install/rcpputils' in the environment variable AMENT_PREFIX_PATH doesn't exist
[0.176s] WARNING:colcon.colcon_ros.prefix_path.ament:The path '/home/pawla/ros2_jazzy/install/rcl_logging_noop' in the environment variable AMENT_PREFIX_PATH doesn't exist
[0.176s] WARNING:colcon.colcon_ros.prefix_path.ament:The path '/home/pawla/ros2_jazzy/install/rcl_logging_interface' in the environment variable AMENT_PREFIX_PATH doesn't exist
[0.176s] WARNING:colcon.colcon_ros.prefix_path.ament:The path '/home/pawla/ros2_jazzy/install/rcutils' in the environment variable AMENT_PREFIX_PATH doesn't exist
[0.176s] WARNING:colcon.colcon_ros.prefix_path.ament:The path '/home/pawla/ros2_jazzy/install/qt_gui_py_common' in the environment variable AMENT_PREFIX_PATH doesn't exist
[0.177s] WARNING:colcon.colcon_ros.prefix_path.ament:The path '/home/pawla/ros2_jazzy/install/qt_dotgraph' in the environment variable AMENT_PREFIX_PATH doesn't exist
[0.177s] WARNING:colcon.colcon_ros.prefix_path.ament:The path '/home/pawla/ros2_jazzy/install/python_qt_binding' in the environment variable AMENT_PREFIX_PATH doesn't exist
[0.177s] WARNING:colcon.colcon_ros.prefix_path.ament:The path '/home/pawla/ros2_jazzy/install/python_orocos_kdl_vendor' in the environment variable AMENT_PREFIX_PATH doesn't exist
[0.177s] WARNING:colcon.colcon_ros.prefix_path.ament:The path '/home/pawla/ros2_jazzy/install/launch_testing_ament_cmake' in the environment variable AMENT_PREFIX_PATH doesn't exist
[0.177s] WARNING:colcon.colcon_ros.prefix_path.ament:The path '/home/pawla/ros2_jazzy/install/python_cmake_module' in the environment variable AMENT_PREFIX_PATH doesn't exist
[0.177s] WARNING:colcon.colcon_ros.prefix_path.ament:The path '/home/pawla/ros2_jazzy/install/pybind11_vendor' in the environment variable AMENT_PREFIX_PATH doesn't exist
[0.177s] WARNING:colcon.colcon_ros.prefix_path.ament:The path '/home/pawla/ros2_jazzy/install/performance_test_fixture' in the environment variable AMENT_PREFIX_PATH doesn't exist
[0.177s] WARNING:colcon.colcon_ros.prefix_path.ament:The path '/home/pawla/ros2_jazzy/install/launch_pytest' in the environment variable AMENT_PREFIX_PATH doesn't exist
[0.177s] WARNING:colcon.colcon_ros.prefix_path.ament:The path '/home/pawla/ros2_jazzy/install/launch_testing' in the environment variable AMENT_PREFIX_PATH doesn't exist
[0.177s] WARNING:colcon.colcon_ros.prefix_path.ament:The path '/home/pawla/ros2_jazzy/install/launch_yaml' in the environment variable AMENT_PREFIX_PATH doesn't exist
[0.177s] WARNING:colcon.colcon_ros.prefix_path.ament:The path '/home/pawla/ros2_jazzy/install/launch_xml' in the environment variable AMENT_PREFIX_PATH doesn't exist
[0.177s] WARNING:colcon.colcon_ros.prefix_path.ament:The path '/home/pawla/ros2_jazzy/install/launch' in the environment variable AMENT_PREFIX_PATH doesn't exist
[0.178s] WARNING:colcon.colcon_ros.prefix_path.ament:The path '/home/pawla/ros2_jazzy/install/osrf_pycommon' in the environment variable AMENT_PREFIX_PATH doesn't exist
[0.178s] WARNING:colcon.colcon_ros.prefix_path.ament:The path '/home/pawla/ros2_jazzy/install/orocos_kdl_vendor' in the environment variable AMENT_PREFIX_PATH doesn't exist
[0.178s] WARNING:colcon.colcon_ros.prefix_path.ament:The path '/home/pawla/ros2_jazzy/install/mimick_vendor' in the environment variable AMENT_PREFIX_PATH doesn't exist
[0.178s] WARNING:colcon.colcon_ros.prefix_path.ament:The path '/home/pawla/ros2_jazzy/install/libyaml_vendor' in the environment variable AMENT_PREFIX_PATH doesn't exist
[0.178s] WARNING:colcon.colcon_ros.prefix_path.ament:The path '/home/pawla/ros2_jazzy/install/liblz4_vendor' in the environment variable AMENT_PREFIX_PATH doesn't exist
[0.178s] WARNING:colcon.colcon_ros.prefix_path.ament:The path '/home/pawla/ros2_jazzy/install/libcurl_vendor' in the environment variable AMENT_PREFIX_PATH doesn't exist
[0.178s] WARNING:colcon.colcon_ros.prefix_path.ament:The path '/home/pawla/ros2_jazzy/install/keyboard_handler' in the environment variable AMENT_PREFIX_PATH doesn't exist
[0.178s] WARNING:colcon.colcon_ros.prefix_path.ament:The path '/home/pawla/ros2_jazzy/install/gz_math_vendor' in the environment variable AMENT_PREFIX_PATH doesn't exist
[0.178s] WARNING:colcon.colcon_ros.prefix_path.ament:The path '/home/pawla/ros2_jazzy/install/gz_utils_vendor' in the environment variable AMENT_PREFIX_PATH doesn't exist
[0.178s] WARNING:colcon.colcon_ros.prefix_path.ament:The path '/home/pawla/ros2_jazzy/install/gz_cmake_vendor' in the environment variable AMENT_PREFIX_PATH doesn't exist
[0.178s] WARNING:colcon.colcon_ros.prefix_path.ament:The path '/home/pawla/ros2_jazzy/install/ament_cmake_ros' in the environment variable AMENT_PREFIX_PATH doesn't exist
[0.178s] WARNING:colcon.colcon_ros.prefix_path.ament:The path '/home/pawla/ros2_jazzy/install/ament_cmake_auto' in the environment variable AMENT_PREFIX_PATH doesn't exist
[0.178s] WARNING:colcon.colcon_ros.prefix_path.ament:The path '/home/pawla/ros2_jazzy/install/ament_cmake_gmock' in the environment variable AMENT_PREFIX_PATH doesn't exist
[0.178s] WARNING:colcon.colcon_ros.prefix_path.ament:The path '/home/pawla/ros2_jazzy/install/ament_cmake_gtest' in the environment variable AMENT_PREFIX_PATH doesn't exist
[0.178s] WARNING:colcon.colcon_ros.prefix_path.ament:The path '/home/pawla/ros2_jazzy/install/ament_cmake_google_benchmark' in the environment variable AMENT_PREFIX_PATH doesn't exist
[0.179s] WARNING:colcon.colcon_ros.prefix_path.ament:The path '/home/pawla/ros2_jazzy/install/fastrtps_cmake_module' in the environment variable AMENT_PREFIX_PATH doesn't exist
[0.179s] WARNING:colcon.colcon_ros.prefix_path.ament:The path '/home/pawla/ros2_jazzy/install/eigen3_cmake_module' in the environment variable AMENT_PREFIX_PATH doesn't exist
[0.179s] WARNING:colcon.colcon_ros.prefix_path.ament:The path '/home/pawla/ros2_jazzy/install/domain_coordinator' in the environment variable AMENT_PREFIX_PATH doesn't exist
[0.179s] WARNING:colcon.colcon_ros.prefix_path.ament:The path '/home/pawla/ros2_jazzy/install/console_bridge_vendor' in the environment variable AMENT_PREFIX_PATH doesn't exist
[0.179s] WARNING:colcon.colcon_ros.prefix_path.ament:The path '/home/pawla/ros2_jazzy/install/ament_cmake_xmllint' in the environment variable AMENT_PREFIX_PATH doesn't exist
[0.179s] WARNING:colcon.colcon_ros.prefix_path.ament:The path '/home/pawla/ros2_jazzy/install/ament_xmllint' in the environment variable AMENT_PREFIX_PATH doesn't exist
[0.179s] WARNING:colcon.colcon_ros.prefix_path.ament:The path '/home/pawla/ros2_jazzy/install/ament_cmake_pyflakes' in the environment variable AMENT_PREFIX_PATH doesn't exist
[0.179s] WARNING:colcon.colcon_ros.prefix_path.ament:The path '/home/pawla/ros2_jazzy/install/ament_pyflakes' in the environment variable AMENT_PREFIX_PATH doesn't exist
[0.179s] WARNING:colcon.colcon_ros.prefix_path.ament:The path '/home/pawla/ros2_jazzy/install/ament_cmake_pycodestyle' in the environment variable AMENT_PREFIX_PATH doesn't exist
[0.179s] WARNING:colcon.colcon_ros.prefix_path.ament:The path '/home/pawla/ros2_jazzy/install/ament_pycodestyle' in the environment variable AMENT_PREFIX_PATH doesn't exist
[0.179s] WARNING:colcon.colcon_ros.prefix_path.ament:The path '/home/pawla/ros2_jazzy/install/ament_cmake_pep257' in the environment variable AMENT_PREFIX_PATH doesn't exist
[0.179s] WARNING:colcon.colcon_ros.prefix_path.ament:The path '/home/pawla/ros2_jazzy/install/ament_pep257' in the environment variable AMENT_PREFIX_PATH doesn't exist
[0.179s] WARNING:colcon.colcon_ros.prefix_path.ament:The path '/home/pawla/ros2_jazzy/install/ament_cmake_pclint' in the environment variable AMENT_PREFIX_PATH doesn't exist
[0.179s] WARNING:colcon.colcon_ros.prefix_path.ament:The path '/home/pawla/ros2_jazzy/install/ament_pclint' in the environment variable AMENT_PREFIX_PATH doesn't exist
[0.180s] WARNING:colcon.colcon_ros.prefix_path.ament:The path '/home/pawla/ros2_jazzy/install/ament_lint_auto' in the environment variable AMENT_PREFIX_PATH doesn't exist
[0.180s] WARNING:colcon.colcon_ros.prefix_path.ament:The path '/home/pawla/ros2_jazzy/install/ament_cmake' in the environment variable AMENT_PREFIX_PATH doesn't exist
[0.180s] WARNING:colcon.colcon_ros.prefix_path.ament:The path '/home/pawla/ros2_jazzy/install/ament_cmake_version' in the environment variable AMENT_PREFIX_PATH doesn't exist
[0.180s] WARNING:colcon.colcon_ros.prefix_path.ament:The path '/home/pawla/ros2_jazzy/install/ament_cmake_vendor_package' in the environment variable AMENT_PREFIX_PATH doesn't exist
[0.180s] WARNING:colcon.colcon_ros.prefix_path.ament:The path '/home/pawla/ros2_jazzy/install/ament_cmake_pytest' in the environment variable AMENT_PREFIX_PATH doesn't exist
[0.180s] WARNING:colcon.colcon_ros.prefix_path.ament:The path '/home/pawla/ros2_jazzy/install/ament_cmake_mypy' in the environment variable AMENT_PREFIX_PATH doesn't exist
[0.180s] WARNING:colcon.colcon_ros.prefix_path.ament:The path '/home/pawla/ros2_jazzy/install/ament_cmake_lint_cmake' in the environment variable AMENT_PREFIX_PATH doesn't exist
[0.180s] WARNING:colcon.colcon_ros.prefix_path.ament:The path '/home/pawla/ros2_jazzy/install/ament_cmake_flake8' in the environment variable AMENT_PREFIX_PATH doesn't exist
[0.180s] WARNING:colcon.colcon_ros.prefix_path.ament:The path '/home/pawla/ros2_jazzy/install/ament_cmake_cpplint' in the environment variable AMENT_PREFIX_PATH doesn't exist
[0.180s] WARNING:colcon.colcon_ros.prefix_path.ament:The path '/home/pawla/ros2_jazzy/install/ament_cmake_cppcheck' in the environment variable AMENT_PREFIX_PATH doesn't exist
[0.180s] WARNING:colcon.colcon_ros.prefix_path.ament:The path '/home/pawla/ros2_jazzy/install/ament_cmake_copyright' in the environment variable AMENT_PREFIX_PATH doesn't exist
[0.180s] WARNING:colcon.colcon_ros.prefix_path.ament:The path '/home/pawla/ros2_jazzy/install/ament_cmake_clang_tidy' in the environment variable AMENT_PREFIX_PATH doesn't exist
[0.180s] WARNING:colcon.colcon_ros.prefix_path.ament:The path '/home/pawla/ros2_jazzy/install/ament_cmake_clang_format' in the environment variable AMENT_PREFIX_PATH doesn't exist
[0.181s] WARNING:colcon.colcon_ros.prefix_path.ament:The path '/home/pawla/ros2_jazzy/install/ament_cmake_test' in the environment variable AMENT_PREFIX_PATH doesn't exist
[0.181s] WARNING:colcon.colcon_ros.prefix_path.ament:The path '/home/pawla/ros2_jazzy/install/ament_cmake_target_dependencies' in the environment variable AMENT_PREFIX_PATH doesn't exist
[0.181s] WARNING:colcon.colcon_ros.prefix_path.ament:The path '/home/pawla/ros2_jazzy/install/ament_cmake_ros_core' in the environment variable AMENT_PREFIX_PATH doesn't exist
[0.181s] WARNING:colcon.colcon_ros.prefix_path.ament:The path '/home/pawla/ros2_jazzy/install/ament_cmake_python' in the environment variable AMENT_PREFIX_PATH doesn't exist
[0.181s] WARNING:colcon.colcon_ros.prefix_path.ament:The path '/home/pawla/ros2_jazzy/install/ament_cmake_export_dependencies' in the environment variable AMENT_PREFIX_PATH doesn't exist
[0.181s] WARNING:colcon.colcon_ros.prefix_path.ament:The path '/home/pawla/ros2_jazzy/install/ament_cmake_libraries' in the environment variable AMENT_PREFIX_PATH doesn't exist
[0.181s] WARNING:colcon.colcon_ros.prefix_path.ament:The path '/home/pawla/ros2_jazzy/install/ament_cmake_include_directories' in the environment variable AMENT_PREFIX_PATH doesn't exist
[0.181s] WARNING:colcon.colcon_ros.prefix_path.ament:The path '/home/pawla/ros2_jazzy/install/ament_cmake_gen_version_h' in the environment variable AMENT_PREFIX_PATH doesn't exist
[0.181s] WARNING:colcon.colcon_ros.prefix_path.ament:The path '/home/pawla/ros2_jazzy/install/ament_cmake_export_targets' in the environment variable AMENT_PREFIX_PATH doesn't exist
[0.181s] WARNING:colcon.colcon_ros.prefix_path.ament:The path '/home/pawla/ros2_jazzy/install/ament_cmake_export_link_flags' in the environment variable AMENT_PREFIX_PATH doesn't exist
[0.181s] WARNING:colcon.colcon_ros.prefix_path.ament:The path '/home/pawla/ros2_jazzy/install/ament_cmake_export_interfaces' in the environment variable AMENT_PREFIX_PATH doesn't exist
[0.181s] WARNING:colcon.colcon_ros.prefix_path.ament:The path '/home/pawla/ros2_jazzy/install/ament_cmake_export_libraries' in the environment variable AMENT_PREFIX_PATH doesn't exist
[0.181s] WARNING:colcon.colcon_ros.prefix_path.ament:The path '/home/pawla/ros2_jazzy/install/ament_cmake_export_include_directories' in the environment variable AMENT_PREFIX_PATH doesn't exist
[0.181s] WARNING:colcon.colcon_ros.prefix_path.ament:The path '/home/pawla/ros2_jazzy/install/ament_cmake_export_definitions' in the environment variable AMENT_PREFIX_PATH doesn't exist
[0.182s] WARNING:colcon.colcon_ros.prefix_path.ament:The path '/home/pawla/ros2_jazzy/install/ament_cmake_core' in the environment variable AMENT_PREFIX_PATH doesn't exist
[0.182s] WARNING:colcon.colcon_ros.prefix_path.ament:The path '/home/pawla/ros2_jazzy/install/ament_package' in the environment variable AMENT_PREFIX_PATH doesn't exist
[0.182s] WARNING:colcon.colcon_ros.prefix_path.ament:The path '/home/pawla/ros2_jazzy/install/ament_mypy' in the environment variable AMENT_PREFIX_PATH doesn't exist
[0.182s] WARNING:colcon.colcon_ros.prefix_path.ament:The path '/home/pawla/ros2_jazzy/install/ament_lint_cmake' in the environment variable AMENT_PREFIX_PATH doesn't exist
[0.182s] WARNING:colcon.colcon_ros.prefix_path.ament:The path '/home/pawla/ros2_jazzy/install/ament_flake8' in the environment variable AMENT_PREFIX_PATH doesn't exist
[0.182s] WARNING:colcon.colcon_ros.prefix_path.ament:The path '/home/pawla/ros2_jazzy/install/ament_copyright' in the environment variable AMENT_PREFIX_PATH doesn't exist
[0.182s] WARNING:colcon.colcon_ros.prefix_path.ament:The path '/home/pawla/ros2_jazzy/install/ament_lint' in the environment variable AMENT_PREFIX_PATH doesn't exist
[0.182s] WARNING:colcon.colcon_ros.prefix_path.ament:The path '/home/pawla/ros2_jazzy/install/ament_index_python' in the environment variable AMENT_PREFIX_PATH doesn't exist
[0.182s] WARNING:colcon.colcon_ros.prefix_path.ament:The path '/home/pawla/ros2_jazzy/install/ament_index_cpp' in the environment variable AMENT_PREFIX_PATH doesn't exist
[0.182s] WARNING:colcon.colcon_ros.prefix_path.ament:The path '/home/pawla/ros2_jazzy/install/ament_cpplint' in the environment variable AMENT_PREFIX_PATH doesn't exist
[0.182s] WARNING:colcon.colcon_ros.prefix_path.ament:The path '/home/pawla/ros2_jazzy/install/ament_cppcheck' in the environment variable AMENT_PREFIX_PATH doesn't exist
[0.183s] WARNING:colcon.colcon_ros.prefix_path.ament:The path '/home/pawla/ros2_jazzy/install/ament_clang_tidy' in the environment variable AMENT_PREFIX_PATH doesn't exist
[0.183s] WARNING:colcon.colcon_ros.prefix_path.ament:The path '/home/pawla/ros2_jazzy/install/ament_clang_format' in the environment variable AMENT_PREFIX_PATH doesn't exist
[0.183s] WARNING:colcon.colcon_ros.prefix_path.catkin:The path '/home/pawla/ros2_jazzy/install/rosbag2' in the environment variable CMAKE_PREFIX_PATH doesn't exist
[0.183s] WARNING:colcon.colcon_ros.prefix_path.catkin:The path '/home/pawla/ros2_jazzy/install/rosbag2_storage_default_plugins' in the environment variable CMAKE_PREFIX_PATH doesn't exist
[0.183s] WARNING:colcon.colcon_ros.prefix_path.catkin:The path '/home/pawla/ros2_jazzy/install/rosbag2_storage_mcap' in the environment variable CMAKE_PREFIX_PATH doesn't exist
[0.183s] WARNING:colcon.colcon_ros.prefix_path.catkin:The path '/home/pawla/ros2_jazzy/install/rosbag2_compression_zstd' in the environment variable CMAKE_PREFIX_PATH doesn't exist
[0.183s] WARNING:colcon.colcon_ros.prefix_path.catkin:The path '/home/pawla/ros2_jazzy/install/mcap_vendor' in the environment variable CMAKE_PREFIX_PATH doesn't exist
[0.183s] WARNING:colcon.colcon_ros.prefix_path.catkin:The path '/home/pawla/ros2_jazzy/install/zstd_vendor' in the environment variable CMAKE_PREFIX_PATH doesn't exist
[0.183s] WARNING:colcon.colcon_ros.prefix_path.catkin:The path '/home/pawla/ros2_jazzy/install/rviz_visual_testing_framework' in the environment variable CMAKE_PREFIX_PATH doesn't exist
[0.184s] WARNING:colcon.colcon_ros.prefix_path.catkin:The path '/home/pawla/ros2_jazzy/install/rviz2' in the environment variable CMAKE_PREFIX_PATH doesn't exist
[0.184s] WARNING:colcon.colcon_ros.prefix_path.catkin:The path '/home/pawla/ros2_jazzy/install/rviz_default_plugins' in the environment variable CMAKE_PREFIX_PATH doesn't exist
[0.184s] WARNING:colcon.colcon_ros.prefix_path.catkin:The path '/home/pawla/ros2_jazzy/install/rviz_common' in the environment variable CMAKE_PREFIX_PATH doesn't exist
[0.184s] WARNING:colcon.colcon_ros.prefix_path.catkin:The path '/home/pawla/ros2_jazzy/install/rosbag2_performance_benchmarking' in the environment variable CMAKE_PREFIX_PATH doesn't exist
[0.184s] WARNING:colcon.colcon_ros.prefix_path.catkin:The path '/home/pawla/ros2_jazzy/install/rosbag2_py' in the environment variable CMAKE_PREFIX_PATH doesn't exist
[0.184s] WARNING:colcon.colcon_ros.prefix_path.catkin:The path '/home/pawla/ros2_jazzy/install/rosbag2_transport' in the environment variable CMAKE_PREFIX_PATH doesn't exist
[0.184s] WARNING:colcon.colcon_ros.prefix_path.catkin:The path '/home/pawla/ros2_jazzy/install/rosbag2_storage_sqlite3' in the environment variable CMAKE_PREFIX_PATH doesn't exist
[0.184s] WARNING:colcon.colcon_ros.prefix_path.catkin:The path '/home/pawla/ros2_jazzy/install/rosbag2_examples_cpp' in the environment variable CMAKE_PREFIX_PATH doesn't exist
[0.184s] WARNING:colcon.colcon_ros.prefix_path.catkin:The path '/home/pawla/ros2_jazzy/install/rosbag2_compression' in the environment variable CMAKE_PREFIX_PATH doesn't exist
[0.184s] WARNING:colcon.colcon_ros.prefix_path.catkin:The path '/home/pawla/ros2_jazzy/install/rosbag2_cpp' in the environment variable CMAKE_PREFIX_PATH doesn't exist
[0.184s] WARNING:colcon.colcon_ros.prefix_path.catkin:The path '/home/pawla/ros2_jazzy/install/rosbag2_storage' in the environment variable CMAKE_PREFIX_PATH doesn't exist
[0.184s] WARNING:colcon.colcon_ros.prefix_path.catkin:The path '/home/pawla/ros2_jazzy/install/image_common' in the environment variable CMAKE_PREFIX_PATH doesn't exist
[0.184s] WARNING:colcon.colcon_ros.prefix_path.catkin:The path '/home/pawla/ros2_jazzy/install/camera_info_manager' in the environment variable CMAKE_PREFIX_PATH doesn't exist
[0.184s] WARNING:colcon.colcon_ros.prefix_path.catkin:The path '/home/pawla/ros2_jazzy/install/camera_calibration_parsers' in the environment variable CMAKE_PREFIX_PATH doesn't exist
[0.184s] WARNING:colcon.colcon_ros.prefix_path.catkin:The path '/home/pawla/ros2_jazzy/install/yaml_cpp_vendor' in the environment variable CMAKE_PREFIX_PATH doesn't exist
[0.185s] WARNING:colcon.colcon_ros.prefix_path.catkin:The path '/home/pawla/ros2_jazzy/install/interactive_markers' in the environment variable CMAKE_PREFIX_PATH doesn't exist
[0.185s] WARNING:colcon.colcon_ros.prefix_path.catkin:The path '/home/pawla/ros2_jazzy/install/common_interfaces' in the environment variable CMAKE_PREFIX_PATH doesn't exist
[0.185s] WARNING:colcon.colcon_ros.prefix_path.catkin:The path '/home/pawla/ros2_jazzy/install/visualization_msgs' in the environment variable CMAKE_PREFIX_PATH doesn't exist
[0.185s] WARNING:colcon.colcon_ros.prefix_path.catkin:The path '/home/pawla/ros2_jazzy/install/dummy_robot_bringup' in the environment variable CMAKE_PREFIX_PATH doesn't exist
[0.185s] WARNING:colcon.colcon_ros.prefix_path.catkin:The path '/home/pawla/ros2_jazzy/install/robot_state_publisher' in the environment variable CMAKE_PREFIX_PATH doesn't exist
[0.185s] WARNING:colcon.colcon_ros.prefix_path.catkin:The path '/home/pawla/ros2_jazzy/install/kdl_parser' in the environment variable CMAKE_PREFIX_PATH doesn't exist
[0.185s] WARNING:colcon.colcon_ros.prefix_path.catkin:The path '/home/pawla/ros2_jazzy/install/urdf' in the environment variable CMAKE_PREFIX_PATH doesn't exist
[0.185s] WARNING:colcon.colcon_ros.prefix_path.catkin:The path '/home/pawla/ros2_jazzy/install/urdfdom' in the environment variable CMAKE_PREFIX_PATH doesn't exist
[0.185s] WARNING:colcon.colcon_ros.prefix_path.catkin:The path '/home/pawla/ros2_jazzy/install/urdf_parser_plugin' in the environment variable CMAKE_PREFIX_PATH doesn't exist
[0.185s] WARNING:colcon.colcon_ros.prefix_path.catkin:The path '/home/pawla/ros2_jazzy/install/urdfdom_headers' in the environment variable CMAKE_PREFIX_PATH doesn't exist
[0.185s] WARNING:colcon.colcon_ros.prefix_path.catkin:The path '/home/pawla/ros2_jazzy/install/turtlesim' in the environment variable CMAKE_PREFIX_PATH doesn't exist
[0.185s] WARNING:colcon.colcon_ros.prefix_path.catkin:The path '/home/pawla/ros2_jazzy/install/trajectory_msgs' in the environment variable CMAKE_PREFIX_PATH doesn't exist
[0.185s] WARNING:colcon.colcon_ros.prefix_path.catkin:The path '/home/pawla/ros2_jazzy/install/topic_statistics_demo' in the environment variable CMAKE_PREFIX_PATH doesn't exist
[0.185s] WARNING:colcon.colcon_ros.prefix_path.catkin:The path '/home/pawla/ros2_jazzy/install/pendulum_control' in the environment variable CMAKE_PREFIX_PATH doesn't exist
[0.185s] WARNING:colcon.colcon_ros.prefix_path.catkin:The path '/home/pawla/ros2_jazzy/install/tlsf_cpp' in the environment variable CMAKE_PREFIX_PATH doesn't exist
[0.185s] WARNING:colcon.colcon_ros.prefix_path.catkin:The path '/home/pawla/ros2_jazzy/install/geometry2' in the environment variable CMAKE_PREFIX_PATH doesn't exist
[0.185s] WARNING:colcon.colcon_ros.prefix_path.catkin:The path '/home/pawla/ros2_jazzy/install/tf2_sensor_msgs' in the environment variable CMAKE_PREFIX_PATH doesn't exist
[0.185s] WARNING:colcon.colcon_ros.prefix_path.catkin:The path '/home/pawla/ros2_jazzy/install/test_tf2' in the environment variable CMAKE_PREFIX_PATH doesn't exist
[0.186s] WARNING:colcon.colcon_ros.prefix_path.catkin:The path '/home/pawla/ros2_jazzy/install/tf2_kdl' in the environment variable CMAKE_PREFIX_PATH doesn't exist
[0.186s] WARNING:colcon.colcon_ros.prefix_path.catkin:The path '/home/pawla/ros2_jazzy/install/tf2_geometry_msgs' in the environment variable CMAKE_PREFIX_PATH doesn't exist
[0.186s] WARNING:colcon.colcon_ros.prefix_path.catkin:The path '/home/pawla/ros2_jazzy/install/tf2_eigen' in the environment variable CMAKE_PREFIX_PATH doesn't exist
[0.186s] WARNING:colcon.colcon_ros.prefix_path.catkin:The path '/home/pawla/ros2_jazzy/install/tf2_bullet' in the environment variable CMAKE_PREFIX_PATH doesn't exist
[0.186s] WARNING:colcon.colcon_ros.prefix_path.catkin:The path '/home/pawla/ros2_jazzy/install/tf2_ros' in the environment variable CMAKE_PREFIX_PATH doesn't exist
[0.186s] WARNING:colcon.colcon_ros.prefix_path.catkin:The path '/home/pawla/ros2_jazzy/install/tf2_py' in the environment variable CMAKE_PREFIX_PATH doesn't exist
[0.186s] WARNING:colcon.colcon_ros.prefix_path.catkin:The path '/home/pawla/ros2_jazzy/install/tf2_msgs' in the environment variable CMAKE_PREFIX_PATH doesn't exist
[0.186s] WARNING:colcon.colcon_ros.prefix_path.catkin:The path '/home/pawla/ros2_jazzy/install/tf2_eigen_kdl' in the environment variable CMAKE_PREFIX_PATH doesn't exist
[0.186s] WARNING:colcon.colcon_ros.prefix_path.catkin:The path '/home/pawla/ros2_jazzy/install/laser_geometry' in the environment variable CMAKE_PREFIX_PATH doesn't exist
[0.186s] WARNING:colcon.colcon_ros.prefix_path.catkin:The path '/home/pawla/ros2_jazzy/install/tf2' in the environment variable CMAKE_PREFIX_PATH doesn't exist
[0.186s] WARNING:colcon.colcon_ros.prefix_path.catkin:The path '/home/pawla/ros2_jazzy/install/test_tracetools' in the environment variable CMAKE_PREFIX_PATH doesn't exist
[0.186s] WARNING:colcon.colcon_ros.prefix_path.catkin:The path '/home/pawla/ros2_jazzy/install/rosbag2_test_common' in the environment variable CMAKE_PREFIX_PATH doesn't exist
[0.186s] WARNING:colcon.colcon_ros.prefix_path.catkin:The path '/home/pawla/ros2_jazzy/install/test_msgs' in the environment variable CMAKE_PREFIX_PATH doesn't exist
[0.186s] WARNING:colcon.colcon_ros.prefix_path.catkin:The path '/home/pawla/ros2_jazzy/install/test_communication' in the environment variable CMAKE_PREFIX_PATH doesn't exist
[0.186s] WARNING:colcon.colcon_ros.prefix_path.catkin:The path '/home/pawla/ros2_jazzy/install/stereo_msgs' in the environment variable CMAKE_PREFIX_PATH doesn't exist
[0.187s] WARNING:colcon.colcon_ros.prefix_path.catkin:The path '/home/pawla/ros2_jazzy/install/std_srvs' in the environment variable CMAKE_PREFIX_PATH doesn't exist
[0.187s] WARNING:colcon.colcon_ros.prefix_path.catkin:The path '/home/pawla/ros2_jazzy/install/shape_msgs' in the environment variable CMAKE_PREFIX_PATH doesn't exist
[0.187s] WARNING:colcon.colcon_ros.prefix_path.catkin:The path '/home/pawla/ros2_jazzy/install/quality_of_service_demo_cpp' in the environment variable CMAKE_PREFIX_PATH doesn't exist
[0.187s] WARNING:colcon.colcon_ros.prefix_path.catkin:The path '/home/pawla/ros2_jazzy/install/point_cloud_transport_py' in the environment variable CMAKE_PREFIX_PATH doesn't exist
[0.187s] WARNING:colcon.colcon_ros.prefix_path.catkin:The path '/home/pawla/ros2_jazzy/install/point_cloud_transport' in the environment variable CMAKE_PREFIX_PATH doesn't exist
[0.187s] WARNING:colcon.colcon_ros.prefix_path.catkin:The path '/home/pawla/ros2_jazzy/install/map_msgs' in the environment variable CMAKE_PREFIX_PATH doesn't exist
[0.187s] WARNING:colcon.colcon_ros.prefix_path.catkin:The path '/home/pawla/ros2_jazzy/install/intra_process_demo' in the environment variable CMAKE_PREFIX_PATH doesn't exist
[0.187s] WARNING:colcon.colcon_ros.prefix_path.catkin:The path '/home/pawla/ros2_jazzy/install/image_transport' in the environment variable CMAKE_PREFIX_PATH doesn't exist
[0.187s] WARNING:colcon.colcon_ros.prefix_path.catkin:The path '/home/pawla/ros2_jazzy/install/image_tools' in the environment variable CMAKE_PREFIX_PATH doesn't exist
[0.187s] WARNING:colcon.colcon_ros.prefix_path.catkin:The path '/home/pawla/ros2_jazzy/install/dummy_sensors' in the environment variable CMAKE_PREFIX_PATH doesn't exist
[0.187s] WARNING:colcon.colcon_ros.prefix_path.catkin:The path '/home/pawla/ros2_jazzy/install/sensor_msgs' in the environment variable CMAKE_PREFIX_PATH doesn't exist
[0.187s] WARNING:colcon.colcon_ros.prefix_path.catkin:The path '/home/pawla/ros2_jazzy/install/ros2cli_common_extensions' in the environment variable CMAKE_PREFIX_PATH doesn't exist
[0.187s] WARNING:colcon.colcon_ros.prefix_path.catkin:The path '/home/pawla/ros2_jazzy/install/dummy_map_server' in the environment variable CMAKE_PREFIX_PATH doesn't exist
[0.187s] WARNING:colcon.colcon_ros.prefix_path.catkin:The path '/home/pawla/ros2_jazzy/install/nav_msgs' in the environment variable CMAKE_PREFIX_PATH doesn't exist
[0.188s] WARNING:colcon.colcon_ros.prefix_path.catkin:The path '/home/pawla/ros2_jazzy/install/message_filters' in the environment variable CMAKE_PREFIX_PATH doesn't exist
[0.188s] WARNING:colcon.colcon_ros.prefix_path.catkin:The path '/home/pawla/ros2_jazzy/install/logging_demo' in the environment variable CMAKE_PREFIX_PATH doesn't exist
[0.188s] WARNING:colcon.colcon_ros.prefix_path.catkin:The path '/home/pawla/ros2_jazzy/install/lifecycle' in the environment variable CMAKE_PREFIX_PATH doesn't exist
[0.188s] WARNING:colcon.colcon_ros.prefix_path.catkin:The path '/home/pawla/ros2_jazzy/install/diagnostic_msgs' in the environment variable CMAKE_PREFIX_PATH doesn't exist
[0.188s] WARNING:colcon.colcon_ros.prefix_path.catkin:The path '/home/pawla/ros2_jazzy/install/geometry_msgs' in the environment variable CMAKE_PREFIX_PATH doesn't exist
[0.188s] WARNING:colcon.colcon_ros.prefix_path.catkin:The path '/home/pawla/ros2_jazzy/install/examples_rclcpp_wait_set' in the environment variable CMAKE_PREFIX_PATH doesn't exist
[0.188s] WARNING:colcon.colcon_ros.prefix_path.catkin:The path '/home/pawla/ros2_jazzy/install/examples_rclcpp_multithreaded_executor' in the environment variable CMAKE_PREFIX_PATH doesn't exist
[0.188s] WARNING:colcon.colcon_ros.prefix_path.catkin:The path '/home/pawla/ros2_jazzy/install/examples_rclcpp_minimal_subscriber' in the environment variable CMAKE_PREFIX_PATH doesn't exist
[0.188s] WARNING:colcon.colcon_ros.prefix_path.catkin:The path '/home/pawla/ros2_jazzy/install/examples_rclcpp_minimal_publisher' in the environment variable CMAKE_PREFIX_PATH doesn't exist
[0.188s] WARNING:colcon.colcon_ros.prefix_path.catkin:The path '/home/pawla/ros2_jazzy/install/examples_rclcpp_minimal_composition' in the environment variable CMAKE_PREFIX_PATH doesn't exist
[0.188s] WARNING:colcon.colcon_ros.prefix_path.catkin:The path '/home/pawla/ros2_jazzy/install/examples_rclcpp_cbg_executor' in the environment variable CMAKE_PREFIX_PATH doesn't exist
[0.188s] WARNING:colcon.colcon_ros.prefix_path.catkin:The path '/home/pawla/ros2_jazzy/install/demo_nodes_cpp_native' in the environment variable CMAKE_PREFIX_PATH doesn't exist
[0.188s] WARNING:colcon.colcon_ros.prefix_path.catkin:The path '/home/pawla/ros2_jazzy/install/demo_nodes_cpp' in the environment variable CMAKE_PREFIX_PATH doesn't exist
[0.188s] WARNING:colcon.colcon_ros.prefix_path.catkin:The path '/home/pawla/ros2_jazzy/install/composition' in the environment variable CMAKE_PREFIX_PATH doesn't exist
[0.188s] WARNING:colcon.colcon_ros.prefix_path.catkin:The path '/home/pawla/ros2_jazzy/install/actionlib_msgs' in the environment variable CMAKE_PREFIX_PATH doesn't exist
[0.189s] WARNING:colcon.colcon_ros.prefix_path.catkin:The path '/home/pawla/ros2_jazzy/install/std_msgs' in the environment variable CMAKE_PREFIX_PATH doesn't exist
[0.189s] WARNING:colcon.colcon_ros.prefix_path.catkin:The path '/home/pawla/ros2_jazzy/install/rqt_gui_cpp' in the environment variable CMAKE_PREFIX_PATH doesn't exist
[0.189s] WARNING:colcon.colcon_ros.prefix_path.catkin:The path '/home/pawla/ros2_jazzy/install/ros2lifecycle_test_fixtures' in the environment variable CMAKE_PREFIX_PATH doesn't exist
[0.189s] WARNING:colcon.colcon_ros.prefix_path.catkin:The path '/home/pawla/ros2_jazzy/install/rclcpp_lifecycle' in the environment variable CMAKE_PREFIX_PATH doesn't exist
[0.189s] WARNING:colcon.colcon_ros.prefix_path.catkin:The path '/home/pawla/ros2_jazzy/install/action_tutorials_cpp' in the environment variable CMAKE_PREFIX_PATH doesn't exist
[0.189s] WARNING:colcon.colcon_ros.prefix_path.catkin:The path '/home/pawla/ros2_jazzy/install/rclcpp_components' in the environment variable CMAKE_PREFIX_PATH doesn't exist
[0.189s] WARNING:colcon.colcon_ros.prefix_path.catkin:The path '/home/pawla/ros2_jazzy/install/examples_rclcpp_minimal_action_server' in the environment variable CMAKE_PREFIX_PATH doesn't exist
[0.189s] WARNING:colcon.colcon_ros.prefix_path.catkin:The path '/home/pawla/ros2_jazzy/install/examples_rclcpp_minimal_action_client' in the environment variable CMAKE_PREFIX_PATH doesn't exist
[0.189s] WARNING:colcon.colcon_ros.prefix_path.catkin:The path '/home/pawla/ros2_jazzy/install/rclcpp_action' in the environment variable CMAKE_PREFIX_PATH doesn't exist
[0.189s] WARNING:colcon.colcon_ros.prefix_path.catkin:The path '/home/pawla/ros2_jazzy/install/examples_rclcpp_minimal_timer' in the environment variable CMAKE_PREFIX_PATH doesn't exist
[0.189s] WARNING:colcon.colcon_ros.prefix_path.catkin:The path '/home/pawla/ros2_jazzy/install/examples_rclcpp_minimal_service' in the environment variable CMAKE_PREFIX_PATH doesn't exist
[0.189s] WARNING:colcon.colcon_ros.prefix_path.catkin:The path '/home/pawla/ros2_jazzy/install/examples_rclcpp_minimal_client' in the environment variable CMAKE_PREFIX_PATH doesn't exist
[0.190s] WARNING:colcon.colcon_ros.prefix_path.catkin:The path '/home/pawla/ros2_jazzy/install/examples_rclcpp_async_client' in the environment variable CMAKE_PREFIX_PATH doesn't exist
[0.190s] WARNING:colcon.colcon_ros.prefix_path.catkin:The path '/home/pawla/ros2_jazzy/install/rclcpp' in the environment variable CMAKE_PREFIX_PATH doesn't exist
[0.190s] WARNING:colcon.colcon_ros.prefix_path.catkin:The path '/home/pawla/ros2_jazzy/install/libstatistics_collector' in the environment variable CMAKE_PREFIX_PATH doesn't exist
[0.190s] WARNING:colcon.colcon_ros.prefix_path.catkin:The path '/home/pawla/ros2_jazzy/install/statistics_msgs' in the environment variable CMAKE_PREFIX_PATH doesn't exist
[0.190s] WARNING:colcon.colcon_ros.prefix_path.catkin:The path '/home/pawla/ros2_jazzy/install/sros2_cmake' in the environment variable CMAKE_PREFIX_PATH doesn't exist
[0.190s] WARNING:colcon.colcon_ros.prefix_path.catkin:The path '/home/pawla/ros2_jazzy/install/rqt_py_common' in the environment variable CMAKE_PREFIX_PATH doesn't exist
[0.190s] WARNING:colcon.colcon_ros.prefix_path.catkin:The path '/home/pawla/ros2_jazzy/install/ros_testing' in the environment variable CMAKE_PREFIX_PATH doesn't exist
[0.190s] WARNING:colcon.colcon_ros.prefix_path.catkin:The path '/home/pawla/ros2_jazzy/install/rclpy' in the environment variable CMAKE_PREFIX_PATH doesn't exist
[0.190s] WARNING:colcon.colcon_ros.prefix_path.catkin:The path '/home/pawla/ros2_jazzy/install/rosgraph_msgs' in the environment variable CMAKE_PREFIX_PATH doesn't exist
[0.190s] WARNING:colcon.colcon_ros.prefix_path.catkin:The path '/home/pawla/ros2_jazzy/install/rosbag2_performance_benchmarking_msgs' in the environment variable CMAKE_PREFIX_PATH doesn't exist
[0.190s] WARNING:colcon.colcon_ros.prefix_path.catkin:The path '/home/pawla/ros2_jazzy/install/rosbag2_interfaces' in the environment variable CMAKE_PREFIX_PATH doesn't exist
[0.190s] WARNING:colcon.colcon_ros.prefix_path.catkin:The path '/home/pawla/ros2_jazzy/install/ros2cli_test_interfaces' in the environment variable CMAKE_PREFIX_PATH doesn't exist
[0.191s] WARNING:colcon.colcon_ros.prefix_path.catkin:The path '/home/pawla/ros2_jazzy/install/rcl_lifecycle' in the environment variable CMAKE_PREFIX_PATH doesn't exist
[0.191s] WARNING:colcon.colcon_ros.prefix_path.catkin:The path '/home/pawla/ros2_jazzy/install/rcl_action' in the environment variable CMAKE_PREFIX_PATH doesn't exist
[0.191s] WARNING:colcon.colcon_ros.prefix_path.catkin:The path '/home/pawla/ros2_jazzy/install/rcl' in the environment variable CMAKE_PREFIX_PATH doesn't exist
[0.191s] WARNING:colcon.colcon_ros.prefix_path.catkin:The path '/home/pawla/ros2_jazzy/install/rmw_implementation' in the environment variable CMAKE_PREFIX_PATH doesn't exist
[0.191s] WARNING:colcon.colcon_ros.prefix_path.catkin:The path '/home/pawla/ros2_jazzy/install/rmw_fastrtps_dynamic_cpp' in the environment variable CMAKE_PREFIX_PATH doesn't exist
[0.191s] WARNING:colcon.colcon_ros.prefix_path.catkin:The path '/home/pawla/ros2_jazzy/install/rmw_fastrtps_cpp' in the environment variable CMAKE_PREFIX_PATH doesn't exist
[0.191s] WARNING:colcon.colcon_ros.prefix_path.catkin:The path '/home/pawla/ros2_jazzy/install/rmw_fastrtps_shared_cpp' in the environment variable CMAKE_PREFIX_PATH doesn't exist
[0.191s] WARNING:colcon.colcon_ros.prefix_path.catkin:The path '/home/pawla/ros2_jazzy/install/rmw_cyclonedds_cpp' in the environment variable CMAKE_PREFIX_PATH doesn't exist
[0.191s] WARNING:colcon.colcon_ros.prefix_path.catkin:The path '/home/pawla/ros2_jazzy/install/rmw_connextddsmicro' in the environment variable CMAKE_PREFIX_PATH doesn't exist
[0.191s] WARNING:colcon.colcon_ros.prefix_path.catkin:The path '/home/pawla/ros2_jazzy/install/rmw_connextdds' in the environment variable CMAKE_PREFIX_PATH doesn't exist
[0.191s] WARNING:colcon.colcon_ros.prefix_path.catkin:The path '/home/pawla/ros2_jazzy/install/rmw_connextdds_common' in the environment variable CMAKE_PREFIX_PATH doesn't exist
[0.191s] WARNING:colcon.colcon_ros.prefix_path.catkin:The path '/home/pawla/ros2_jazzy/install/rmw_dds_common' in the environment variable CMAKE_PREFIX_PATH doesn't exist
[0.191s] WARNING:colcon.colcon_ros.prefix_path.catkin:The path '/home/pawla/ros2_jazzy/install/composition_interfaces' in the environment variable CMAKE_PREFIX_PATH doesn't exist
[0.191s] WARNING:colcon.colcon_ros.prefix_path.catkin:The path '/home/pawla/ros2_jazzy/install/rcl_interfaces' in the environment variable CMAKE_PREFIX_PATH doesn't exist
[0.192s] WARNING:colcon.colcon_ros.prefix_path.catkin:The path '/home/pawla/ros2_jazzy/install/pendulum_msgs' in the environment variable CMAKE_PREFIX_PATH doesn't exist
[0.192s] WARNING:colcon.colcon_ros.prefix_path.catkin:The path '/home/pawla/ros2_jazzy/install/lifecycle_msgs' in the environment variable CMAKE_PREFIX_PATH doesn't exist
[0.192s] WARNING:colcon.colcon_ros.prefix_path.catkin:The path '/home/pawla/ros2_jazzy/install/example_interfaces' in the environment variable CMAKE_PREFIX_PATH doesn't exist
[0.192s] WARNING:colcon.colcon_ros.prefix_path.catkin:The path '/home/pawla/ros2_jazzy/install/action_tutorials_interfaces' in the environment variable CMAKE_PREFIX_PATH doesn't exist
[0.192s] WARNING:colcon.colcon_ros.prefix_path.catkin:The path '/home/pawla/ros2_jazzy/install/rosidl_default_runtime' in the environment variable CMAKE_PREFIX_PATH doesn't exist
[0.192s] WARNING:colcon.colcon_ros.prefix_path.catkin:The path '/home/pawla/ros2_jazzy/install/rosidl_default_generators' in the environment variable CMAKE_PREFIX_PATH doesn't exist
[0.192s] WARNING:colcon.colcon_ros.prefix_path.catkin:The path '/home/pawla/ros2_jazzy/install/action_msgs' in the environment variable CMAKE_PREFIX_PATH doesn't exist
[0.192s] WARNING:colcon.colcon_ros.prefix_path.catkin:The path '/home/pawla/ros2_jazzy/install/unique_identifier_msgs' in the environment variable CMAKE_PREFIX_PATH doesn't exist
[0.192s] WARNING:colcon.colcon_ros.prefix_path.catkin:The path '/home/pawla/ros2_jazzy/install/type_description_interfaces' in the environment variable CMAKE_PREFIX_PATH doesn't exist
[0.192s] WARNING:colcon.colcon_ros.prefix_path.catkin:The path '/home/pawla/ros2_jazzy/install/service_msgs' in the environment variable CMAKE_PREFIX_PATH doesn't exist
[0.192s] WARNING:colcon.colcon_ros.prefix_path.catkin:The path '/home/pawla/ros2_jazzy/install/builtin_interfaces' in the environment variable CMAKE_PREFIX_PATH doesn't exist
[0.192s] WARNING:colcon.colcon_ros.prefix_path.catkin:The path '/home/pawla/ros2_jazzy/install/rosidl_core_runtime' in the environment variable CMAKE_PREFIX_PATH doesn't exist
[0.192s] WARNING:colcon.colcon_ros.prefix_path.catkin:The path '/home/pawla/ros2_jazzy/install/rosidl_core_generators' in the environment variable CMAKE_PREFIX_PATH doesn't exist
[0.192s] WARNING:colcon.colcon_ros.prefix_path.catkin:The path '/home/pawla/ros2_jazzy/install/rosidl_generator_py' in the environment variable CMAKE_PREFIX_PATH doesn't exist
[0.192s] WARNING:colcon.colcon_ros.prefix_path.catkin:The path '/home/pawla/ros2_jazzy/install/ament_lint_common' in the environment variable CMAKE_PREFIX_PATH doesn't exist
[0.192s] WARNING:colcon.colcon_ros.prefix_path.catkin:The path '/home/pawla/ros2_jazzy/install/ament_cmake_uncrustify' in the environment variable CMAKE_PREFIX_PATH doesn't exist
[0.192s] WARNING:colcon.colcon_ros.prefix_path.catkin:The path '/home/pawla/ros2_jazzy/install/uncrustify_vendor' in the environment variable CMAKE_PREFIX_PATH doesn't exist
[0.193s] WARNING:colcon.colcon_ros.prefix_path.catkin:The path '/home/pawla/ros2_jazzy/install/tracetools' in the environment variable CMAKE_PREFIX_PATH doesn't exist
[0.193s] WARNING:colcon.colcon_ros.prefix_path.catkin:The path '/home/pawla/ros2_jazzy/install/tlsf' in the environment variable CMAKE_PREFIX_PATH doesn't exist
[0.193s] WARNING:colcon.colcon_ros.prefix_path.catkin:The path '/home/pawla/ros2_jazzy/install/qt_gui_core' in the environment variable CMAKE_PREFIX_PATH doesn't exist
[0.193s] WARNING:colcon.colcon_ros.prefix_path.catkin:The path '/home/pawla/ros2_jazzy/install/qt_gui_cpp' in the environment variable CMAKE_PREFIX_PATH doesn't exist
[0.193s] WARNING:colcon.colcon_ros.prefix_path.catkin:The path '/home/pawla/ros2_jazzy/install/pluginlib' in the environment variable CMAKE_PREFIX_PATH doesn't exist
[0.193s] WARNING:colcon.colcon_ros.prefix_path.catkin:The path '/home/pawla/ros2_jazzy/install/tinyxml2_vendor' in the environment variable CMAKE_PREFIX_PATH doesn't exist
[0.193s] WARNING:colcon.colcon_ros.prefix_path.catkin:The path '/home/pawla/ros2_jazzy/install/test_security' in the environment variable CMAKE_PREFIX_PATH doesn't exist
[0.193s] WARNING:colcon.colcon_ros.prefix_path.catkin:The path '/home/pawla/ros2_jazzy/install/test_rmw_implementation' in the environment variable CMAKE_PREFIX_PATH doesn't exist
[0.193s] WARNING:colcon.colcon_ros.prefix_path.catkin:The path '/home/pawla/ros2_jazzy/install/test_rclcpp' in the environment variable CMAKE_PREFIX_PATH doesn't exist
[0.193s] WARNING:colcon.colcon_ros.prefix_path.catkin:The path '/home/pawla/ros2_jazzy/install/test_quality_of_service' in the environment variable CMAKE_PREFIX_PATH doesn't exist
[0.193s] WARNING:colcon.colcon_ros.prefix_path.catkin:The path '/home/pawla/ros2_jazzy/install/test_launch_testing' in the environment variable CMAKE_PREFIX_PATH doesn't exist
[0.193s] WARNING:colcon.colcon_ros.prefix_path.catkin:The path '/home/pawla/ros2_jazzy/install/test_interface_files' in the environment variable CMAKE_PREFIX_PATH doesn't exist
[0.194s] WARNING:colcon.colcon_ros.prefix_path.catkin:The path '/home/pawla/ros2_jazzy/install/test_cli_remapping' in the environment variable CMAKE_PREFIX_PATH doesn't exist
[0.194s] WARNING:colcon.colcon_ros.prefix_path.catkin:The path '/home/pawla/ros2_jazzy/install/test_cli' in the environment variable CMAKE_PREFIX_PATH doesn't exist
[0.194s] WARNING:colcon.colcon_ros.prefix_path.catkin:The path '/home/pawla/ros2_jazzy/install/qt_gui_app' in the environment variable CMAKE_PREFIX_PATH doesn't exist
[0.194s] WARNING:colcon.colcon_ros.prefix_path.catkin:The path '/home/pawla/ros2_jazzy/install/qt_gui' in the environment variable CMAKE_PREFIX_PATH doesn't exist
[0.194s] WARNING:colcon.colcon_ros.prefix_path.catkin:The path '/home/pawla/ros2_jazzy/install/tango_icons_vendor' in the environment variable CMAKE_PREFIX_PATH doesn't exist
[0.194s] WARNING:colcon.colcon_ros.prefix_path.catkin:The path '/home/pawla/ros2_jazzy/install/sqlite3_vendor' in the environment variable CMAKE_PREFIX_PATH doesn't exist
[0.194s] WARNING:colcon.colcon_ros.prefix_path.catkin:The path '/home/pawla/ros2_jazzy/install/rcl_logging_spdlog' in the environment variable CMAKE_PREFIX_PATH doesn't exist
[0.194s] WARNING:colcon.colcon_ros.prefix_path.catkin:The path '/home/pawla/ros2_jazzy/install/spdlog_vendor' in the environment variable CMAKE_PREFIX_PATH doesn't exist
[0.194s] WARNING:colcon.colcon_ros.prefix_path.catkin:The path '/home/pawla/ros2_jazzy/install/shared_queues_vendor' in the environment variable CMAKE_PREFIX_PATH doesn't exist
[0.194s] WARNING:colcon.colcon_ros.prefix_path.catkin:The path '/home/pawla/ros2_jazzy/install/rviz_rendering_tests' in the environment variable CMAKE_PREFIX_PATH doesn't exist
[0.194s] WARNING:colcon.colcon_ros.prefix_path.catkin:The path '/home/pawla/ros2_jazzy/install/rviz_rendering' in the environment variable CMAKE_PREFIX_PATH doesn't exist
[0.194s] WARNING:colcon.colcon_ros.prefix_path.catkin:The path '/home/pawla/ros2_jazzy/install/rviz_ogre_vendor' in the environment variable CMAKE_PREFIX_PATH doesn't exist
[0.194s] WARNING:colcon.colcon_ros.prefix_path.catkin:The path '/home/pawla/ros2_jazzy/install/rviz_assimp_vendor' in the environment variable CMAKE_PREFIX_PATH doesn't exist
[0.194s] WARNING:colcon.colcon_ros.prefix_path.catkin:The path '/home/pawla/ros2_jazzy/install/rttest' in the environment variable CMAKE_PREFIX_PATH doesn't exist
[0.194s] WARNING:colcon.colcon_ros.prefix_path.catkin:The path '/home/pawla/ros2_jazzy/install/rti_connext_dds_cmake_module' in the environment variable CMAKE_PREFIX_PATH doesn't exist
[0.195s] WARNING:colcon.colcon_ros.prefix_path.catkin:The path '/home/pawla/ros2_jazzy/install/lttngpy' in the environment variable CMAKE_PREFIX_PATH doesn't exist
[0.195s] WARNING:colcon.colcon_ros.prefix_path.catkin:The path '/home/pawla/ros2_jazzy/install/rosidl_typesupport_tests' in the environment variable CMAKE_PREFIX_PATH doesn't exist
[0.195s] WARNING:colcon.colcon_ros.prefix_path.catkin:The path '/home/pawla/ros2_jazzy/install/rosidl_typesupport_introspection_tests' in the environment variable CMAKE_PREFIX_PATH doesn't exist
[0.195s] WARNING:colcon.colcon_ros.prefix_path.catkin:The path '/home/pawla/ros2_jazzy/install/rosidl_typesupport_cpp' in the environment variable CMAKE_PREFIX_PATH doesn't exist
[0.195s] WARNING:colcon.colcon_ros.prefix_path.catkin:The path '/home/pawla/ros2_jazzy/install/rosidl_typesupport_introspection_cpp' in the environment variable CMAKE_PREFIX_PATH doesn't exist
[0.195s] WARNING:colcon.colcon_ros.prefix_path.catkin:The path '/home/pawla/ros2_jazzy/install/rosidl_generator_rs' in the environment variable CMAKE_PREFIX_PATH doesn't exist
[0.195s] WARNING:colcon.colcon_ros.prefix_path.catkin:The path '/home/pawla/ros2_jazzy/install/rosidl_typesupport_c' in the environment variable CMAKE_PREFIX_PATH doesn't exist
[0.195s] WARNING:colcon.colcon_ros.prefix_path.catkin:The path '/home/pawla/ros2_jazzy/install/rosidl_typesupport_introspection_c' in the environment variable CMAKE_PREFIX_PATH doesn't exist
[0.195s] WARNING:colcon.colcon_ros.prefix_path.catkin:The path '/home/pawla/ros2_jazzy/install/rosidl_typesupport_fastrtps_c' in the environment variable CMAKE_PREFIX_PATH doesn't exist
[0.195s] WARNING:colcon.colcon_ros.prefix_path.catkin:The path '/home/pawla/ros2_jazzy/install/rosidl_typesupport_fastrtps_cpp' in the environment variable CMAKE_PREFIX_PATH doesn't exist
[0.195s] WARNING:colcon.colcon_ros.prefix_path.catkin:The path '/home/pawla/ros2_jazzy/install/rosidl_generator_cpp' in the environment variable CMAKE_PREFIX_PATH doesn't exist
[0.195s] WARNING:colcon.colcon_ros.prefix_path.catkin:The path '/home/pawla/ros2_jazzy/install/rosidl_runtime_cpp' in the environment variable CMAKE_PREFIX_PATH doesn't exist
[0.195s] WARNING:colcon.colcon_ros.prefix_path.catkin:The path '/home/pawla/ros2_jazzy/install/rosidl_dynamic_typesupport_fastrtps' in the environment variable CMAKE_PREFIX_PATH doesn't exist
[0.196s] WARNING:colcon.colcon_ros.prefix_path.catkin:The path '/home/pawla/ros2_jazzy/install/rcl_yaml_param_parser' in the environment variable CMAKE_PREFIX_PATH doesn't exist
[0.196s] WARNING:colcon.colcon_ros.prefix_path.catkin:The path '/home/pawla/ros2_jazzy/install/rmw' in the environment variable CMAKE_PREFIX_PATH doesn't exist
[0.196s] WARNING:colcon.colcon_ros.prefix_path.catkin:The path '/home/pawla/ros2_jazzy/install/rosidl_dynamic_typesupport' in the environment variable CMAKE_PREFIX_PATH doesn't exist
[0.196s] WARNING:colcon.colcon_ros.prefix_path.catkin:The path '/home/pawla/ros2_jazzy/install/rosidl_runtime_c' in the environment variable CMAKE_PREFIX_PATH doesn't exist
[0.196s] WARNING:colcon.colcon_ros.prefix_path.catkin:The path '/home/pawla/ros2_jazzy/install/rosidl_generator_c' in the environment variable CMAKE_PREFIX_PATH doesn't exist
[0.196s] WARNING:colcon.colcon_ros.prefix_path.catkin:The path '/home/pawla/ros2_jazzy/install/rosidl_typesupport_interface' in the environment variable CMAKE_PREFIX_PATH doesn't exist
[0.196s] WARNING:colcon.colcon_ros.prefix_path.catkin:The path '/home/pawla/ros2_jazzy/install/rosidl_generator_dds_idl' in the environment variable CMAKE_PREFIX_PATH doesn't exist
[0.196s] WARNING:colcon.colcon_ros.prefix_path.catkin:The path '/home/pawla/ros2_jazzy/install/rosidl_cmake' in the environment variable CMAKE_PREFIX_PATH doesn't exist
[0.196s] WARNING:colcon.colcon_ros.prefix_path.catkin:The path '/home/pawla/ros2_jazzy/install/rosidl_generator_type_description' in the environment variable CMAKE_PREFIX_PATH doesn't exist
[0.196s] WARNING:colcon.colcon_ros.prefix_path.catkin:The path '/home/pawla/ros2_jazzy/install/rosidl_parser' in the environment variable CMAKE_PREFIX_PATH doesn't exist
[0.197s] WARNING:colcon.colcon_ros.prefix_path.catkin:The path '/home/pawla/ros2_jazzy/install/rosidl_generator_tests' in the environment variable CMAKE_PREFIX_PATH doesn't exist
[0.197s] WARNING:colcon.colcon_ros.prefix_path.catkin:The path '/home/pawla/ros2_jazzy/install/rosidl_adapter' in the environment variable CMAKE_PREFIX_PATH doesn't exist
[0.197s] WARNING:colcon.colcon_ros.prefix_path.catkin:The path '/home/pawla/ros2_jazzy/install/rosbag2_tests' in the environment variable CMAKE_PREFIX_PATH doesn't exist
[0.197s] WARNING:colcon.colcon_ros.prefix_path.catkin:The path '/home/pawla/ros2_jazzy/install/rosbag2_test_msgdefs' in the environment variable CMAKE_PREFIX_PATH doesn't exist
[0.197s] WARNING:colcon.colcon_ros.prefix_path.catkin:The path '/home/pawla/ros2_jazzy/install/ros_environment' in the environment variable CMAKE_PREFIX_PATH doesn't exist
[0.197s] WARNING:colcon.colcon_ros.prefix_path.catkin:The path '/home/pawla/ros2_jazzy/install/rmw_implementation_cmake' in the environment variable CMAKE_PREFIX_PATH doesn't exist
[0.197s] WARNING:colcon.colcon_ros.prefix_path.catkin:The path '/home/pawla/ros2_jazzy/install/resource_retriever' in the environment variable CMAKE_PREFIX_PATH doesn't exist
[0.197s] WARNING:colcon.colcon_ros.prefix_path.catkin:The path '/home/pawla/ros2_jazzy/install/class_loader' in the environment variable CMAKE_PREFIX_PATH doesn't exist
[0.197s] WARNING:colcon.colcon_ros.prefix_path.catkin:The path '/home/pawla/ros2_jazzy/install/rcpputils' in the environment variable CMAKE_PREFIX_PATH doesn't exist
[0.197s] WARNING:colcon.colcon_ros.prefix_path.catkin:The path '/home/pawla/ros2_jazzy/install/rcl_logging_noop' in the environment variable CMAKE_PREFIX_PATH doesn't exist
[0.197s] WARNING:colcon.colcon_ros.prefix_path.catkin:The path '/home/pawla/ros2_jazzy/install/rcl_logging_interface' in the environment variable CMAKE_PREFIX_PATH doesn't exist
[0.197s] WARNING:colcon.colcon_ros.prefix_path.catkin:The path '/home/pawla/ros2_jazzy/install/rcutils' in the environment variable CMAKE_PREFIX_PATH doesn't exist
[0.197s] WARNING:colcon.colcon_ros.prefix_path.catkin:The path '/home/pawla/ros2_jazzy/install/qt_gui_py_common' in the environment variable CMAKE_PREFIX_PATH doesn't exist
[0.198s] WARNING:colcon.colcon_ros.prefix_path.catkin:The path '/home/pawla/ros2_jazzy/install/qt_dotgraph' in the environment variable CMAKE_PREFIX_PATH doesn't exist
[0.198s] WARNING:colcon.colcon_ros.prefix_path.catkin:The path '/home/pawla/ros2_jazzy/install/python_qt_binding' in the environment variable CMAKE_PREFIX_PATH doesn't exist
[0.198s] WARNING:colcon.colcon_ros.prefix_path.catkin:The path '/home/pawla/ros2_jazzy/install/python_orocos_kdl_vendor' in the environment variable CMAKE_PREFIX_PATH doesn't exist
[0.198s] WARNING:colcon.colcon_ros.prefix_path.catkin:The path '/home/pawla/ros2_jazzy/install/launch_testing_ament_cmake' in the environment variable CMAKE_PREFIX_PATH doesn't exist
[0.198s] WARNING:colcon.colcon_ros.prefix_path.catkin:The path '/home/pawla/ros2_jazzy/install/python_cmake_module' in the environment variable CMAKE_PREFIX_PATH doesn't exist
[0.198s] WARNING:colcon.colcon_ros.prefix_path.catkin:The path '/home/pawla/ros2_jazzy/install/pybind11_vendor' in the environment variable CMAKE_PREFIX_PATH doesn't exist
[0.198s] WARNING:colcon.colcon_ros.prefix_path.catkin:The path '/home/pawla/ros2_jazzy/install/performance_test_fixture' in the environment variable CMAKE_PREFIX_PATH doesn't exist
[0.198s] WARNING:colcon.colcon_ros.prefix_path.catkin:The path '/home/pawla/ros2_jazzy/install/osrf_testing_tools_cpp' in the environment variable CMAKE_PREFIX_PATH doesn't exist
[0.198s] WARNING:colcon.colcon_ros.prefix_path.catkin:The path '/home/pawla/ros2_jazzy/install/orocos_kdl_vendor' in the environment variable CMAKE_PREFIX_PATH doesn't exist
[0.198s] WARNING:colcon.colcon_ros.prefix_path.catkin:The path '/home/pawla/ros2_jazzy/install/mimick_vendor' in the environment variable CMAKE_PREFIX_PATH doesn't exist
[0.198s] WARNING:colcon.colcon_ros.prefix_path.catkin:The path '/home/pawla/ros2_jazzy/install/libyaml_vendor' in the environment variable CMAKE_PREFIX_PATH doesn't exist
[0.198s] WARNING:colcon.colcon_ros.prefix_path.catkin:The path '/home/pawla/ros2_jazzy/install/liblz4_vendor' in the environment variable CMAKE_PREFIX_PATH doesn't exist
[0.198s] WARNING:colcon.colcon_ros.prefix_path.catkin:The path '/home/pawla/ros2_jazzy/install/libcurl_vendor' in the environment variable CMAKE_PREFIX_PATH doesn't exist
[0.198s] WARNING:colcon.colcon_ros.prefix_path.catkin:The path '/home/pawla/ros2_jazzy/install/keyboard_handler' in the environment variable CMAKE_PREFIX_PATH doesn't exist
[0.198s] WARNING:colcon.colcon_ros.prefix_path.catkin:The path '/home/pawla/ros2_jazzy/install/iceoryx_introspection' in the environment variable CMAKE_PREFIX_PATH doesn't exist
[0.199s] WARNING:colcon.colcon_ros.prefix_path.catkin:The path '/home/pawla/ros2_jazzy/install/cyclonedds' in the environment variable CMAKE_PREFIX_PATH doesn't exist
[0.199s] WARNING:colcon.colcon_ros.prefix_path.catkin:The path '/home/pawla/ros2_jazzy/install/iceoryx_posh' in the environment variable CMAKE_PREFIX_PATH doesn't exist
[0.199s] WARNING:colcon.colcon_ros.prefix_path.catkin:The path '/home/pawla/ros2_jazzy/install/iceoryx_hoofs' in the environment variable CMAKE_PREFIX_PATH doesn't exist
[0.199s] WARNING:colcon.colcon_ros.prefix_path.catkin:The path '/home/pawla/ros2_jazzy/install/iceoryx_binding_c' in the environment variable CMAKE_PREFIX_PATH doesn't exist
[0.199s] WARNING:colcon.colcon_ros.prefix_path.catkin:The path '/home/pawla/ros2_jazzy/install/gz_math_vendor/opt/gz_math_vendor' in the environment variable CMAKE_PREFIX_PATH doesn't exist
[0.199s] WARNING:colcon.colcon_ros.prefix_path.catkin:The path '/home/pawla/ros2_jazzy/install/gz_math_vendor' in the environment variable CMAKE_PREFIX_PATH doesn't exist
[0.199s] WARNING:colcon.colcon_ros.prefix_path.catkin:The path '/home/pawla/ros2_jazzy/install/gz_utils_vendor' in the environment variable CMAKE_PREFIX_PATH doesn't exist
[0.199s] WARNING:colcon.colcon_ros.prefix_path.catkin:The path '/home/pawla/ros2_jazzy/install/gz_cmake_vendor/opt/gz_cmake_vendor' in the environment variable CMAKE_PREFIX_PATH doesn't exist
[0.199s] WARNING:colcon.colcon_ros.prefix_path.catkin:The path '/home/pawla/ros2_jazzy/install/gz_cmake_vendor' in the environment variable CMAKE_PREFIX_PATH doesn't exist
[0.199s] WARNING:colcon.colcon_ros.prefix_path.catkin:The path '/home/pawla/ros2_jazzy/install/ament_cmake_ros' in the environment variable CMAKE_PREFIX_PATH doesn't exist
[0.199s] WARNING:colcon.colcon_ros.prefix_path.catkin:The path '/home/pawla/ros2_jazzy/install/ament_cmake_auto' in the environment variable CMAKE_PREFIX_PATH doesn't exist
[0.199s] WARNING:colcon.colcon_ros.prefix_path.catkin:The path '/home/pawla/ros2_jazzy/install/ament_cmake_gmock' in the environment variable CMAKE_PREFIX_PATH doesn't exist
[0.199s] WARNING:colcon.colcon_ros.prefix_path.catkin:The path '/home/pawla/ros2_jazzy/install/gmock_vendor' in the environment variable CMAKE_PREFIX_PATH doesn't exist
[0.200s] WARNING:colcon.colcon_ros.prefix_path.catkin:The path '/home/pawla/ros2_jazzy/install/ament_cmake_gtest' in the environment variable CMAKE_PREFIX_PATH doesn't exist
[0.200s] WARNING:colcon.colcon_ros.prefix_path.catkin:The path '/home/pawla/ros2_jazzy/install/gtest_vendor' in the environment variable CMAKE_PREFIX_PATH doesn't exist
[0.200s] WARNING:colcon.colcon_ros.prefix_path.catkin:The path '/home/pawla/ros2_jazzy/install/ament_cmake_google_benchmark' in the environment variable CMAKE_PREFIX_PATH doesn't exist
[0.200s] WARNING:colcon.colcon_ros.prefix_path.catkin:The path '/home/pawla/ros2_jazzy/install/google_benchmark_vendor' in the environment variable CMAKE_PREFIX_PATH doesn't exist
[0.200s] WARNING:colcon.colcon_ros.prefix_path.catkin:The path '/home/pawla/ros2_jazzy/install/fastrtps' in the environment variable CMAKE_PREFIX_PATH doesn't exist
[0.200s] WARNING:colcon.colcon_ros.prefix_path.catkin:The path '/home/pawla/ros2_jazzy/install/foonathan_memory_vendor' in the environment variable CMAKE_PREFIX_PATH doesn't exist
[0.200s] WARNING:colcon.colcon_ros.prefix_path.catkin:The path '/home/pawla/ros2_jazzy/install/fastrtps_cmake_module' in the environment variable CMAKE_PREFIX_PATH doesn't exist
[0.200s] WARNING:colcon.colcon_ros.prefix_path.catkin:The path '/home/pawla/ros2_jazzy/install/fastcdr' in the environment variable CMAKE_PREFIX_PATH doesn't exist
[0.200s] WARNING:colcon.colcon_ros.prefix_path.catkin:The path '/home/pawla/ros2_jazzy/install/eigen3_cmake_module' in the environment variable CMAKE_PREFIX_PATH doesn't exist
[0.200s] WARNING:colcon.colcon_ros.prefix_path.catkin:The path '/home/pawla/ros2_jazzy/install/console_bridge_vendor' in the environment variable CMAKE_PREFIX_PATH doesn't exist
[0.200s] WARNING:colcon.colcon_ros.prefix_path.catkin:The path '/home/pawla/ros2_jazzy/install/ament_cmake_xmllint' in the environment variable CMAKE_PREFIX_PATH doesn't exist
[0.200s] WARNING:colcon.colcon_ros.prefix_path.catkin:The path '/home/pawla/ros2_jazzy/install/ament_cmake_pyflakes' in the environment variable CMAKE_PREFIX_PATH doesn't exist
[0.200s] WARNING:colcon.colcon_ros.prefix_path.catkin:The path '/home/pawla/ros2_jazzy/install/ament_cmake_pycodestyle' in the environment variable CMAKE_PREFIX_PATH doesn't exist
[0.200s] WARNING:colcon.colcon_ros.prefix_path.catkin:The path '/home/pawla/ros2_jazzy/install/ament_cmake_pep257' in the environment variable CMAKE_PREFIX_PATH doesn't exist
[0.200s] WARNING:colcon.colcon_ros.prefix_path.catkin:The path '/home/pawla/ros2_jazzy/install/ament_cmake_pclint' in the environment variable CMAKE_PREFIX_PATH doesn't exist
[0.201s] WARNING:colcon.colcon_ros.prefix_path.catkin:The path '/home/pawla/ros2_jazzy/install/ament_lint_auto' in the environment variable CMAKE_PREFIX_PATH doesn't exist
[0.201s] WARNING:colcon.colcon_ros.prefix_path.catkin:The path '/home/pawla/ros2_jazzy/install/ament_cmake' in the environment variable CMAKE_PREFIX_PATH doesn't exist
[0.201s] WARNING:colcon.colcon_ros.prefix_path.catkin:The path '/home/pawla/ros2_jazzy/install/ament_cmake_version' in the environment variable CMAKE_PREFIX_PATH doesn't exist
[0.201s] WARNING:colcon.colcon_ros.prefix_path.catkin:The path '/home/pawla/ros2_jazzy/install/ament_cmake_vendor_package' in the environment variable CMAKE_PREFIX_PATH doesn't exist
[0.201s] WARNING:colcon.colcon_ros.prefix_path.catkin:The path '/home/pawla/ros2_jazzy/install/ament_cmake_pytest' in the environment variable CMAKE_PREFIX_PATH doesn't exist
[0.201s] WARNING:colcon.colcon_ros.prefix_path.catkin:The path '/home/pawla/ros2_jazzy/install/ament_cmake_mypy' in the environment variable CMAKE_PREFIX_PATH doesn't exist
[0.201s] WARNING:colcon.colcon_ros.prefix_path.catkin:The path '/home/pawla/ros2_jazzy/install/ament_cmake_lint_cmake' in the environment variable CMAKE_PREFIX_PATH doesn't exist
[0.201s] WARNING:colcon.colcon_ros.prefix_path.catkin:The path '/home/pawla/ros2_jazzy/install/ament_cmake_flake8' in the environment variable CMAKE_PREFIX_PATH doesn't exist
[0.201s] WARNING:colcon.colcon_ros.prefix_path.catkin:The path '/home/pawla/ros2_jazzy/install/ament_cmake_cpplint' in the environment variable CMAKE_PREFIX_PATH doesn't exist
[0.201s] WARNING:colcon.colcon_ros.prefix_path.catkin:The path '/home/pawla/ros2_jazzy/install/ament_cmake_cppcheck' in the environment variable CMAKE_PREFIX_PATH doesn't exist
[0.201s] WARNING:colcon.colcon_ros.prefix_path.catkin:The path '/home/pawla/ros2_jazzy/install/ament_cmake_copyright' in the environment variable CMAKE_PREFIX_PATH doesn't exist
[0.201s] WARNING:colcon.colcon_ros.prefix_path.catkin:The path '/home/pawla/ros2_jazzy/install/ament_cmake_clang_tidy' in the environment variable CMAKE_PREFIX_PATH doesn't exist
[0.201s] WARNING:colcon.colcon_ros.prefix_path.catkin:The path '/home/pawla/ros2_jazzy/install/ament_cmake_clang_format' in the environment variable CMAKE_PREFIX_PATH doesn't exist
[0.202s] WARNING:colcon.colcon_ros.prefix_path.catkin:The path '/home/pawla/ros2_jazzy/install/ament_cmake_test' in the environment variable CMAKE_PREFIX_PATH doesn't exist
[0.202s] WARNING:colcon.colcon_ros.prefix_path.catkin:The path '/home/pawla/ros2_jazzy/install/ament_cmake_target_dependencies' in the environment variable CMAKE_PREFIX_PATH doesn't exist
[0.202s] WARNING:colcon.colcon_ros.prefix_path.catkin:The path '/home/pawla/ros2_jazzy/install/ament_cmake_ros_core' in the environment variable CMAKE_PREFIX_PATH doesn't exist
[0.202s] WARNING:colcon.colcon_ros.prefix_path.catkin:The path '/home/pawla/ros2_jazzy/install/ament_cmake_python' in the environment variable CMAKE_PREFIX_PATH doesn't exist
[0.202s] WARNING:colcon.colcon_ros.prefix_path.catkin:The path '/home/pawla/ros2_jazzy/install/ament_cmake_export_dependencies' in the environment variable CMAKE_PREFIX_PATH doesn't exist
[0.202s] WARNING:colcon.colcon_ros.prefix_path.catkin:The path '/home/pawla/ros2_jazzy/install/ament_cmake_libraries' in the environment variable CMAKE_PREFIX_PATH doesn't exist
[0.202s] WARNING:colcon.colcon_ros.prefix_path.catkin:The path '/home/pawla/ros2_jazzy/install/ament_cmake_include_directories' in the environment variable CMAKE_PREFIX_PATH doesn't exist
[0.202s] WARNING:colcon.colcon_ros.prefix_path.catkin:The path '/home/pawla/ros2_jazzy/install/ament_cmake_gen_version_h' in the environment variable CMAKE_PREFIX_PATH doesn't exist
[0.202s] WARNING:colcon.colcon_ros.prefix_path.catkin:The path '/home/pawla/ros2_jazzy/install/ament_cmake_export_targets' in the environment variable CMAKE_PREFIX_PATH doesn't exist
[0.202s] WARNING:colcon.colcon_ros.prefix_path.catkin:The path '/home/pawla/ros2_jazzy/install/ament_cmake_export_link_flags' in the environment variable CMAKE_PREFIX_PATH doesn't exist
[0.202s] WARNING:colcon.colcon_ros.prefix_path.catkin:The path '/home/pawla/ros2_jazzy/install/ament_cmake_export_interfaces' in the environment variable CMAKE_PREFIX_PATH doesn't exist
[0.202s] WARNING:colcon.colcon_ros.prefix_path.catkin:The path '/home/pawla/ros2_jazzy/install/ament_cmake_export_libraries' in the environment variable CMAKE_PREFIX_PATH doesn't exist
[0.203s] WARNING:colcon.colcon_ros.prefix_path.catkin:The path '/home/pawla/ros2_jazzy/install/ament_cmake_export_include_directories' in the environment variable CMAKE_PREFIX_PATH doesn't exist
[0.203s] WARNING:colcon.colcon_ros.prefix_path.catkin:The path '/home/pawla/ros2_jazzy/install/ament_cmake_export_definitions' in the environment variable CMAKE_PREFIX_PATH doesn't exist
[0.203s] WARNING:colcon.colcon_ros.prefix_path.catkin:The path '/home/pawla/ros2_jazzy/install/ament_cmake_core' in the environment variable CMAKE_PREFIX_PATH doesn't exist
[0.203s] WARNING:colcon.colcon_ros.prefix_path.catkin:The path '/home/pawla/ros2_jazzy/install/ament_index_cpp' in the environment variable CMAKE_PREFIX_PATH doesn't exist
[0.205s] DEBUG:colcon.colcon_installed_package_information.package_discovery:Found 287 installed packages in /opt/ros/jazzy
[0.206s] Level 1:colcon.colcon_core.package_discovery:discover_packages(prefix_path) using defaults
[0.254s] Level 5:colcon.colcon_core.verb:set package 'rover_description' build argument 'cmake_args' from command line to 'None'
[0.254s] Level 5:colcon.colcon_core.verb:set package 'rover_description' build argument 'cmake_target' from command line to 'None'
[0.254s] Level 5:colcon.colcon_core.verb:set package 'rover_description' build argument 'cmake_target_skip_unavailable' from command line to 'False'
[0.254s] Level 5:colcon.colcon_core.verb:set package 'rover_description' build argument 'cmake_clean_cache' from command line to 'False'
[0.254s] Level 5:colcon.colcon_core.verb:set package 'rover_description' build argument 'cmake_clean_first' from command line to 'False'
[0.254s] Level 5:colcon.colcon_core.verb:set package 'rover_description' build argument 'cmake_force_configure' from command line to 'False'
[0.254s] Level 5:colcon.colcon_core.verb:set package 'rover_description' build argument 'ament_cmake_args' from command line to 'None'
[0.254s] Level 5:colcon.colcon_core.verb:set package 'rover_description' build argument 'catkin_cmake_args' from command line to 'None'
[0.254s] Level 5:colcon.colcon_core.verb:set package 'rover_description' build argument 'catkin_skip_building_tests' from command line to 'False'
[0.255s] DEBUG:colcon.colcon_core.verb:Building package 'rover_description' with the following arguments: {'ament_cmake_args': None, 'build_base': '/home/pawla/ros2_ws/src/build/rover_description', 'catkin_cmake_args': None, 'catkin_skip_building_tests': False, 'cmake_args': None, 'cmake_clean_cache': False, 'cmake_clean_first': False, 'cmake_force_configure': False, 'cmake_target': None, 'cmake_target_skip_unavailable': False, 'install_base': '/home/pawla/ros2_ws/src/install/rover_description', 'merge_install': False, 'path': '/home/pawla/ros2_ws/src/rover_description/rover_description', 'symlink_install': False, 'test_result_base': None}
[0.255s] INFO:colcon.colcon_core.executor:Executing jobs using 'parallel' executor
[0.256s] DEBUG:colcon.colcon_parallel_executor.executor.parallel:run_until_complete
[0.256s] INFO:colcon.colcon_ros.task.catkin.build:Building ROS package in '/home/pawla/ros2_ws/src/rover_description/rover_description' with build type 'catkin'
[0.256s] INFO:colcon.colcon_cmake.task.cmake.build:Building CMake package in '/home/pawla/ros2_ws/src/rover_description/rover_description'
[0.258s] INFO:colcon.colcon_core.plugin_system:Skipping extension 'colcon_core.shell.bat': Not used on non-Windows systems
[0.258s] INFO:colcon.colcon_core.shell:Skip shell extension 'powershell' for command environment: Not usable outside of PowerShell
[0.258s] DEBUG:colcon.colcon_core.shell:Skip shell extension 'dsv' for command environment
[0.274s] DEBUG:colcon.colcon_core.event_handler.log_command:Invoking command in '/home/pawla/ros2_ws/src/build/rover_description': /usr/bin/cmake /home/pawla/ros2_ws/src/rover_description/rover_description -DCATKIN_INSTALL_INTO_PREFIX_ROOT=0 -DCMAKE_INSTALL_PREFIX=/home/pawla/ros2_ws/src/install/rover_description
[0.283s] DEBUG:colcon.colcon_core.event_handler.log_command:Invoked command in '/home/pawla/ros2_ws/src/build/rover_description' returned '1': /usr/bin/cmake /home/pawla/ros2_ws/src/rover_description/rover_description -DCATKIN_INSTALL_INTO_PREFIX_ROOT=0 -DCMAKE_INSTALL_PREFIX=/home/pawla/ros2_ws/src/install/rover_description
[0.300s] Level 1:colcon.colcon_core.environment:create_environment_scripts_only(rover_description)
[0.302s] Level 1:colcon.colcon_core.environment:checking '/home/pawla/ros2_ws/src/install/rover_description' for CMake module files
[0.303s] Level 1:colcon.colcon_core.environment:checking '/home/pawla/ros2_ws/src/install/rover_description' for CMake config files
[0.303s] Level 1:colcon.colcon_core.environment:checking '/home/pawla/ros2_ws/src/install/rover_description/bin'
[0.303s] Level 1:colcon.colcon_core.environment:checking '/home/pawla/ros2_ws/src/install/rover_description/lib/pkgconfig/rover_description.pc'
[0.303s] Level 1:colcon.colcon_core.environment:checking '/home/pawla/ros2_ws/src/install/rover_description/lib/python3.12/site-packages'
[0.304s] Level 1:colcon.colcon_core.environment:checking '/home/pawla/ros2_ws/src/install/rover_description/bin'
[0.304s] INFO:colcon.colcon_core.shell:Creating package script '/home/pawla/ros2_ws/src/install/rover_description/share/rover_description/package.ps1'
[0.305s] INFO:colcon.colcon_core.shell:Creating package descriptor '/home/pawla/ros2_ws/src/install/rover_description/share/rover_description/package.dsv'
[0.305s] INFO:colcon.colcon_core.shell:Creating package script '/home/pawla/ros2_ws/src/install/rover_description/share/rover_description/package.sh'
[0.305s] INFO:colcon.colcon_core.shell:Creating package script '/home/pawla/ros2_ws/src/install/rover_description/share/rover_description/package.bash'
[0.306s] INFO:colcon.colcon_core.shell:Creating package script '/home/pawla/ros2_ws/src/install/rover_description/share/rover_description/package.zsh'
[0.306s] Level 1:colcon.colcon_core.environment:create_file_with_runtime_dependencies(/home/pawla/ros2_ws/src/install/rover_description/share/colcon-core/packages/rover_description)
[0.317s] DEBUG:colcon.colcon_parallel_executor.executor.parallel:closing loop
[0.318s] DEBUG:colcon.colcon_parallel_executor.executor.parallel:loop closed
[0.318s] DEBUG:colcon.colcon_parallel_executor.executor.parallel:run_until_complete finished with '1'
[0.318s] DEBUG:colcon.colcon_core.event_reactor:joining thread
[0.336s] INFO:colcon.colcon_core.plugin_system:Skipping extension 'colcon_notification.desktop_notification.notify_send': Could not find 'notify-send'
[0.337s] INFO:colcon.colcon_core.plugin_system:Skipping extension 'colcon_notification.desktop_notification.terminal_notifier': Not used on non-Darwin systems
[0.337s] INFO:colcon.colcon_core.plugin_system:Skipping extension 'colcon_notification.desktop_notification.win32': Not used on non-Windows systems
[0.337s] INFO:colcon.colcon_notification.desktop_notification:Sending desktop notification using 'notify2'
[0.338s] DEBUG:colcon.colcon_notification.desktop_notification.notify2:Failed to initialize notify2: org.freedesktop.DBus.Error.ServiceUnknown: The name org.freedesktop.Notifications was not provided by any .service files
[0.338s] DEBUG:colcon.colcon_core.event_reactor:joined thread
[0.338s] INFO:colcon.colcon_core.shell:Creating prefix script '/home/pawla/ros2_ws/src/install/local_setup.ps1'
[0.339s] INFO:colcon.colcon_core.shell:Creating prefix util module '/home/pawla/ros2_ws/src/install/_local_setup_util_ps1.py'
[0.341s] INFO:colcon.colcon_core.shell:Creating prefix chain script '/home/pawla/ros2_ws/src/install/setup.ps1'
[0.342s] INFO:colcon.colcon_core.shell:Creating prefix script '/home/pawla/ros2_ws/src/install/local_setup.sh'
[0.343s] INFO:colcon.colcon_core.shell:Creating prefix util module '/home/pawla/ros2_ws/src/install/_local_setup_util_sh.py'
[0.343s] INFO:colcon.colcon_core.shell:Creating prefix chain script '/home/pawla/ros2_ws/src/install/setup.sh'
[0.345s] INFO:colcon.colcon_core.shell:Creating prefix script '/home/pawla/ros2_ws/src/install/local_setup.bash'
[0.345s] INFO:colcon.colcon_core.shell:Creating prefix chain script '/home/pawla/ros2_ws/src/install/setup.bash'
[0.347s] INFO:colcon.colcon_core.shell:Creating prefix script '/home/pawla/ros2_ws/src/install/local_setup.zsh'
[0.347s] INFO:colcon.colcon_core.shell:Creating prefix chain script '/home/pawla/ros2_ws/src/install/setup.zsh'
